,(1)JETTY A,(249)Container Hotel,(516)Restoran Kapitan,(877)Kampung Kolam,(1195)Lebuh Carnavon,(1793)Komtar,(2273)Terminal Komtar,(2559)Pasaraya Gama,(2780)Penang Times Square,(3087)Pasar Jalan Kuantan,(3431)Jalan Patani.,(3888)Apartmen Taman Sri Pinang,(4151)Flat PPR Jalan Sungai,(4591)Persimpangan Jalan S.P Chelliah,(5383)Pasar Lebuh Cecil,(6015)Apartmen Desa Selatan,(6406)Peugeot Center,(6805)Mutiara Vista,(6925)Maybank Jelutong,(7181)Shell Jelutong,(7447)Taman Dato Syed Abbas,(7725)Masjid Jelutong,(8178)Pekan Jelutong,(8459)Pejabat Pos Jelutong,(8740)Bukit Dumbar,(9899)RECSAM ,(10309)Astaka Gelugor,(10653)BSN Gelugor,(10964)Restoran Kampung Ku,(11358)SK Sungai Gelugor,(12737)Jalan Sungai Dua,(13115)USM,(13590)Restoran Nasi Kandar Pelita,(13895)Tesco Sungai Dua,(14348)SRJK Keong Hoe,(14693)Lip Sin,(14943)Lip Sin 2,(15542)Pangsapuri Golf View,(15814)Hotel Vistana,(16119)Taman Bukit Jambul,(16569)Kompleks Bukit Jambul,(17811)Kompleks Bukit Jambul II,(18265)Masjid Al- Ittifaq,(18527)Sungai Nibong Kecil,(19244)Kondominium Tunas Residensi,(19607)Kompleks Golden Triangle,(19870)SK Seri Relau,(20220)Flat 88,(20528)Apartmen Taman Bendera,(21185)Taman Alor Vista I
(1)JETTY A,,1.4,1.4,1.4,1.4,1.4,1.4,1.4,1.4,1.4,1.4,1.4,1.4,1.4,1.4,1.4,1.4,1.4,1.4,1.4,1.4,1.4,1.4,1.4,1.4,2,2,2,2,2,2,2,2,2,2,2,2,2,2,2,2,2.7,2.7,2.7,2.7,2.7,2.7,2.7,2.7,2.7
(249)Container Hotel,,,1.4,1.4,1.4,1.4,1.4,1.4,1.4,1.4,1.4,1.4,1.4,1.4,1.4,1.4,1.4,1.4,1.4,1.4,1.4,1.4,1.4,1.4,1.4,2,2,2,2,2,2,2,2,2,2,2,2,2,2,2,2,2.7,2.7,2.7,2.7,2.7,2.7,2.7,2.7,2.7
(516)Restoran Kapitan,,,,1.4,1.4,1.4,1.4,1.4,1.4,1.4,1.4,1.4,1.4,1.4,1.4,1.4,1.4,1.4,1.4,1.4,1.4,1.4,1.4,1.4,1.4,2,2,2,2,2,2,2,2,2,2,2,2,2,2,2,2,2.7,2.7,2.7,2.7,2.7,2.7,2.7,2.7,2.7
(877)Kampung Kolam,,,,,1.4,1.4,1.4,1.4,1.4,1.4,1.4,1.4,1.4,1.4,1.4,1.4,1.4,1.4,1.4,1.4,1.4,1.4,1.4,1.4,1.4,2,2,2,2,2,2,2,2,2,2,2,2,2,2,2,2,2.7,2.7,2.7,2.7,2.7,2.7,2.7,2.7,2.7
(1195)Lebuh Carnavon,,,,,,1.4,1.4,1.4,1.4,1.4,1.4,1.4,1.4,1.4,1.4,1.4,1.4,1.4,1.4,1.4,1.4,1.4,1.4,1.4,1.4,1.4,2,2,2,2,2,2,2,2,2,2,2,2,2,2,2,2.7,2.7,2.7,2.7,2.7,2.7,2.7,2.7,2.7
(1793)Komtar,,,,,,,1.4,1.4,1.4,1.4,1.4,1.4,1.4,1.4,1.4,1.4,1.4,1.4,1.4,1.4,1.4,1.4,1.4,1.4,1.4,1.4,1.4,2,2,2,2,2,2,2,2,2,2,2,2,2,2,2,2,2.7,2.7,2.7,2.7,2.7,2.7,2.7
(2273)Terminal Komtar,,,,,,,,1.4,1.4,1.4,1.4,1.4,1.4,1.4,1.4,1.4,1.4,1.4,1.4,1.4,1.4,1.4,1.4,1.4,1.4,1.4,1.4,1.4,1.4,2,2,2,2,2,2,2,2,2,2,2,2,2,2,2,2.7,2.7,2.7,2.7,2.7,2.7
(2559)Pasaraya Gama,,,,,,,,,1.4,1.4,1.4,1.4,1.4,1.4,1.4,1.4,1.4,1.4,1.4,1.4,1.4,1.4,1.4,1.4,1.4,1.4,1.4,1.4,1.4,2,2,2,2,2,2,2,2,2,2,2,2,2,2,2,2.7,2.7,2.7,2.7,2.7,2.7
(2780)Penang Times Square,,,,,,,,,,1.4,1.4,1.4,1.4,1.4,1.4,1.4,1.4,1.4,1.4,1.4,1.4,1.4,1.4,1.4,1.4,1.4,1.4,1.4,1.4,1.4,2,2,2,2,2,2,2,2,2,2,2,2,2,2,2,2.7,2.7,2.7,2.7,2.7
(3087)Pasar Jalan Kuantan,,,,,,,,,,,1.4,1.4,1.4,1.4,1.4,1.4,1.4,1.4,1.4,1.4,1.4,1.4,1.4,1.4,1.4,1.4,1.4,1.4,1.4,1.4,2,2,2,2,2,2,2,2,2,2,2,2,2,2,2,2,2.7,2.7,2.7,2.7
(3431)Jalan Patani.,,,,,,,,,,,,1.4,1.4,1.4,1.4,1.4,1.4,1.4,1.4,1.4,1.4,1.4,1.4,1.4,1.4,1.4,1.4,1.4,1.4,1.4,2,2,2,2,2,2,2,2,2,2,2,2,2,2,2,2,2,2.7,2.7,2.7
(3888)Apartmen Taman Sri Pinang,,,,,,,,,,,,,1.4,1.4,1.4,1.4,1.4,1.4,1.4,1.4,1.4,1.4,1.4,1.4,1.4,1.4,1.4,1.4,1.4,1.4,2,2,2,2,2,2,2,2,2,2,2,2,2,2,2,2,2,2,2.7,2.7
(4151)Flat PPR Jalan Sungai,,,,,,,,,,,,,,1.4,1.4,1.4,1.4,1.4,1.4,1.4,1.4,1.4,1.4,1.4,1.4,1.4,1.4,1.4,1.4,1.4,1.4,2,2,2,2,2,2,2,2,2,2,2,2,2,2,2,2,2,2,2.7
(4591)Persimpangan Jalan S.P Chelliah,,,,,,,,,,,,,,,1.4,1.4,1.4,1.4,1.4,1.4,1.4,1.4,1.4,1.4,1.4,1.4,1.4,1.4,1.4,1.4,1.4,1.4,2,2,2,2,2,2,2,2,2,2,2,2,2,2,2,2,2,2.7
(5383)Pasar Lebuh Cecil,,,,,,,,,,,,,,,,1.4,1.4,1.4,1.4,1.4,1.4,1.4,1.4,1.4,1.4,1.4,1.4,1.4,1.4,1.4,1.4,1.4,1.4,1.4,2,2,2,2,2,2,2,2,2,2,2,2,2,2,2,2
(6015)Apartmen Desa Selatan,,,,,,,,,,,,,,,,,1.4,1.4,1.4,1.4,1.4,1.4,1.4,1.4,1.4,1.4,1.4,1.4,1.4,1.4,1.4,1.4,1.4,1.4,1.4,1.4,2,2,2,2,2,2,2,2,2,2,2,2,2,2
(6406)Peugeot Center,,,,,,,,,,,,,,,,,,1.4,1.4,1.4,1.4,1.4,1.4,1.4,1.4,1.4,1.4,1.4,1.4,1.4,1.4,1.4,1.4,1.4,1.4,1.4,1.4,2,2,2,2,2,2,2,2,2,2,2,2,2
(6805)Mutiara Vista,,,,,,,,,,,,,,,,,,,1.4,1.4,1.4,1.4,1.4,1.4,1.4,1.4,1.4,1.4,1.4,1.4,1.4,1.4,1.4,1.4,1.4,1.4,1.4,1.4,2,2,2,2,2,2,2,2,2,2,2,2
(6925)Maybank Jelutong,,,,,,,,,,,,,,,,,,,,1.4,1.4,1.4,1.4,1.4,1.4,1.4,1.4,1.4,1.4,1.4,1.4,1.4,1.4,1.4,1.4,1.4,1.4,1.4,2,2,2,2,2,2,2,2,2,2,2,2
(7181)Shell Jelutong,,,,,,,,,,,,,,,,,,,,,1.4,1.4,1.4,1.4,1.4,1.4,1.4,1.4,1.4,1.4,1.4,1.4,1.4,1.4,1.4,1.4,1.4,1.4,1.4,2,2,2,2,2,2,2,2,2,2,2
(7447)Taman Dato Syed Abbas,,,,,,,,,,,,,,,,,,,,,,1.4,1.4,1.4,1.4,1.4,1.4,1.4,1.4,1.4,1.4,1.4,1.4,1.4,1.4,1.4,1.4,1.4,1.4,1.4,2,2,2,2,2,2,2,2,2,2
(7725)Masjid Jelutong,,,,,,,,,,,,,,,,,,,,,,,1.4,1.4,1.4,1.4,1.4,1.4,1.4,1.4,1.4,1.4,1.4,1.4,1.4,1.4,1.4,1.4,1.4,1.4,2,2,2,2,2,2,2,2,2,2
(8178)Pekan Jelutong,,,,,,,,,,,,,,,,,,,,,,,,1.4,1.4,1.4,1.4,1.4,1.4,1.4,1.4,1.4,1.4,1.4,1.4,1.4,1.4,1.4,1.4,1.4,1.4,2,2,2,2,2,2,2,2,2
(8459)Pejabat Pos Jelutong,,,,,,,,,,,,,,,,,,,,,,,,,1.4,1.4,1.4,1.4,1.4,1.4,1.4,1.4,1.4,1.4,1.4,1.4,1.4,1.4,1.4,1.4,1.4,2,2,2,2,2,2,2,2,2
(8740)Bukit Dumbar,,,,,,,,,,,,,,,,,,,,,,,,,,1.4,1.4,1.4,1.4,1.4,1.4,1.4,1.4,1.4,1.4,1.4,1.4,1.4,1.4,1.4,1.4,2,2,2,2,2,2,2,2,2
(9899)RECSAM ,,,,,,,,,,,,,,,,,,,,,,,,,,,1.4,1.4,1.4,1.4,1.4,1.4,1.4,1.4,1.4,1.4,1.4,1.4,1.4,1.4,1.4,1.4,1.4,1.4,2,2,2,2,2,2
(10309)Astaka Gelugor,,,,,,,,,,,,,,,,,,,,,,,,,,,,1.4,1.4,1.4,1.4,1.4,1.4,1.4,1.4,1.4,1.4,1.4,1.4,1.4,1.4,1.4,1.4,1.4,2,2,2,2,2,2
(10653)BSN Gelugor,,,,,,,,,,,,,,,,,,,,,,,,,,,,,1.4,1.4,1.4,1.4,1.4,1.4,1.4,1.4,1.4,1.4,1.4,1.4,1.4,1.4,1.4,1.4,1.4,2,2,2,2,2
(10964)Restoran Kampung Ku,,,,,,,,,,,,,,,,,,,,,,,,,,,,,,1.4,1.4,1.4,1.4,1.4,1.4,1.4,1.4,1.4,1.4,1.4,1.4,1.4,1.4,1.4,1.4,1.4,2,2,2,2
(11358)SK Sungai Gelugor,,,,,,,,,,,,,,,,,,,,,,,,,,,,,,,1.4,1.4,1.4,1.4,1.4,1.4,1.4,1.4,1.4,1.4,1.4,1.4,1.4,1.4,1.4,1.4,1.4,2,2,2
(12737)Jalan Sungai Dua,,,,,,,,,,,,,,,,,,,,,,,,,,,,,,,,1.4,1.4,1.4,1.4,1.4,1.4,1.4,1.4,1.4,1.4,1.4,1.4,1.4,1.4,1.4,1.4,1.4,1.4,1.4
(13115)USM,,,,,,,,,,,,,,,,,,,,,,,,,,,,,,,,,1.4,1.4,1.4,1.4,1.4,1.4,1.4,1.4,1.4,1.4,1.4,1.4,1.4,1.4,1.4,1.4,1.4,1.4
(13590)Restoran Nasi Kandar Pelita,,,,,,,,,,,,,,,,,,,,,,,,,,,,,,,,,,1.4,1.4,1.4,1.4,1.4,1.4,1.4,1.4,1.4,1.4,1.4,1.4,1.4,1.4,1.4,1.4,1.4
(13895)Tesco Sungai Dua,,,,,,,,,,,,,,,,,,,,,,,,,,,,,,,,,,,1.4,1.4,1.4,1.4,1.4,1.4,1.4,1.4,1.4,1.4,1.4,1.4,1.4,1.4,1.4,1.4
(14348)SRJK Keong Hoe,,,,,,,,,,,,,,,,,,,,,,,,,,,,,,,,,,,,1.4,1.4,1.4,1.4,1.4,1.4,1.4,1.4,1.4,1.4,1.4,1.4,1.4,1.4,1.4
(14693)Lip Sin,,,,,,,,,,,,,,,,,,,,,,,,,,,,,,,,,,,,,1.4,1.4,1.4,1.4,1.4,1.4,1.4,1.4,1.4,1.4,1.4,1.4,1.4,1.4
(14943)Lip Sin 2,,,,,,,,,,,,,,,,,,,,,,,,,,,,,,,,,,,,,,1.4,1.4,1.4,1.4,1.4,1.4,1.4,1.4,1.4,1.4,1.4,1.4,1.4
(15542)Pangsapuri Golf View,,,,,,,,,,,,,,,,,,,,,,,,,,,,,,,,,,,,,,,1.4,1.4,1.4,1.4,1.4,1.4,1.4,1.4,1.4,1.4,1.4,1.4
(15814)Hotel Vistana,,,,,,,,,,,,,,,,,,,,,,,,,,,,,,,,,,,,,,,,1.4,1.4,1.4,1.4,1.4,1.4,1.4,1.4,1.4,1.4,1.4
(16119)Taman Bukit Jambul,,,,,,,,,,,,,,,,,,,,,,,,,,,,,,,,,,,,,,,,,1.4,1.4,1.4,1.4,1.4,1.4,1.4,1.4,1.4,1.4
(16569)Kompleks Bukit Jambul,,,,,,,,,,,,,,,,,,,,,,,,,,,,,,,,,,,,,,,,,,1.4,1.4,1.4,1.4,1.4,1.4,1.4,1.4,1.4
(17811)Kompleks Bukit Jambul II,,,,,,,,,,,,,,,,,,,,,,,,,,,,,,,,,,,,,,,,,,,1.4,1.4,1.4,1.4,1.4,1.4,1.4,1.4
(18265)Masjid Al- Ittifaq,,,,,,,,,,,,,,,,,,,,,,,,,,,,,,,,,,,,,,,,,,,,1.4,1.4,1.4,1.4,1.4,1.4,1.4
(18527)Sungai Nibong Kecil,,,,,,,,,,,,,,,,,,,,,,,,,,,,,,,,,,,,,,,,,,,,,1.4,1.4,1.4,1.4,1.4,1.4
(19244)Kondominium Tunas Residensi,,,,,,,,,,,,,,,,,,,,,,,,,,,,,,,,,,,,,,,,,,,,,,1.4,1.4,1.4,1.4,1.4
(19607)Kompleks Golden Triangle,,,,,,,,,,,,,,,,,,,,,,,,,,,,,,,,,,,,,,,,,,,,,,,1.4,1.4,1.4,1.4
(19870)SK Seri Relau,,,,,,,,,,,,,,,,,,,,,,,,,,,,,,,,,,,,,,,,,,,,,,,,1.4,1.4,1.4
(20220)Flat 88,,,,,,,,,,,,,,,,,,,,,,,,,,,,,,,,,,,,,,,,,,,,,,,,,1.4,1.4
(20528)Apartmen Taman Bendera,,,,,,,,,,,,,,,,,,,,,,,,,,,,,,,,,,,,,,,,,,,,,,,,,,1.4
(21185)Taman Alor Vista I,,,,,,,,,,,,,,,,,,,,,,,,,,,,,,,,,,,,,,,,,,,,,,,,,,
