,(1)Lapangan Terbang Antarabangsa Pulau Pinang,(1583)The Star Publication,(2479)Sungai Tiram,(2857)Dynacraft Industries Sdn. Bhd.,(3381)B Braun,(4153)Snake Temple,(4767)Jalan Tengah,(5110)Pasaraya Giant,(5462)Masjid Bayan Baru,(5676)Sunshine Square,(5958)Jalan Mahsuri,(6594)Taman Mahsuri,(7577)Krystal Point Corporate Park,(9386)Queensbay Mall,(11280)Krystal Point Corporate Park,(12023)Kompleks Bukit Jambul II,(12477)Masjid Al- Ittifaq,(12740)Sungai Nibong Kecil,(13456)Kondominium Tunas Residensi,(13820)Kompleks Golden Triangle,(14083)SK Seri Relau,(14433)Flat 88,(14741)Apartmen Taman Bendera,(14974)Pusat Agro Pelancongan,(15496)Simpang Tingkat Bukit Jambul,(18153)Pangsapuri Green Garden,(18685)Tingkat Paya Terubong4,(19075)Tingkat Paya Terubong 2 - 1,(19178)Tingkat Paya Terubong 2 - 2,(19373)Tingkat Paya Terubong 2 - 3,(19877)Oriental Garden,(20301)Pekan Paya Terubong,(20506)Paya Terubong Cemetery,(21187)Apartment Lone Pine,(21443)Perumahan PDRM,(21617)Lebuhraya Thean Teik,(21978)Lintang Angsana,(22111)Lintang Angsana II,(22390)Petronas Farlim,(22529)Klinik Kesihatan Bandar Baru Air Itam,(23018)Masjid Bandar Baru Air Itam,(23284)Pasaraya Sunshine Farlim,(23591)Fortune Court,(24010)Apartmen Desa Mawar,(24313)Wisma Yatim,(24786)Balai Polis Kampung Baru,(25048)Pasar Kampung Baru,(25527)Masjid Negeri P.Pinang,(26408)Pejabat Agama Islam,(27127)Heritage Club,(27817)St. Christoper School,(28083)Kolej Disted-Stamford,(28421)Buddhist Society,(28713)SK Jalan Residensi,(29164)Hospital P.Pinang I
(1)Lapangan Terbang Antarabangsa Pulau Pinang,,1.40,1.40,1.40,1.40,1.40,1.40,1.40,1.40,1.40,1.40,1.40,2.00,2.00,2.00,2.00,2.00,2.00,2.00,2.00,2.00,2.00,2.00,2.00,2.70,2.70,2.70,2.70,2.70,2.70,2.70,2.70,2.70,3.40,3.40,3.40,3.40,3.40,3.40,3.40,3.40,3.40,3.40,3.40,3.40,3.40,3.40,3.40,3.40,3.40,3.40,4.00,4.00,4.00,4.00
(1583)The Star Publication,,,1.40,1.40,1.40,1.40,1.40,1.40,1.40,1.40,1.40,1.40,1.40,2.00,2.00,2.00,2.00,2.00,2.00,2.00,2.00,2.00,2.00,2.00,2.00,2.70,2.70,2.70,2.70,2.70,2.70,2.70,2.70,2.70,2.70,2.70,2.70,2.70,2.70,2.70,3.40,3.40,3.40,3.40,3.40,3.40,3.40,3.40,3.40,3.40,3.40,3.40,3.40,3.40,3.40
(2479)Sungai Tiram,,,,1.40,1.40,1.40,1.40,1.40,1.40,1.40,1.40,1.40,1.40,1.40,2.00,2.00,2.00,2.00,2.00,2.00,2.00,2.00,2.00,2.00,2.00,2.70,2.70,2.70,2.70,2.70,2.70,2.70,2.70,2.70,2.70,2.70,2.70,2.70,2.70,2.70,2.70,2.70,3.40,3.40,3.40,3.40,3.40,3.40,3.40,3.40,3.40,3.40,3.40,3.40,3.40
(2857)Dynacraft Industries Sdn. Bhd.,,,,,1.40,1.40,1.40,1.40,1.40,1.40,1.40,1.40,1.40,1.40,2.00,2.00,2.00,2.00,2.00,2.00,2.00,2.00,2.00,2.00,2.00,2.70,2.70,2.70,2.70,2.70,2.70,2.70,2.70,2.70,2.70,2.70,2.70,2.70,2.70,2.70,2.70,2.70,2.70,3.40,3.40,3.40,3.40,3.40,3.40,3.40,3.40,3.40,3.40,3.40,3.40
(3381)B Braun,,,,,,1.40,1.40,1.40,1.40,1.40,1.40,1.40,1.40,1.40,2.00,2.00,2.00,2.00,2.00,2.00,2.00,2.00,2.00,2.00,2.00,2.00,2.70,2.70,2.70,2.70,2.70,2.70,2.70,2.70,2.70,2.70,2.70,2.70,2.70,2.70,2.70,2.70,2.70,2.70,2.70,3.40,3.40,3.40,3.40,3.40,3.40,3.40,3.40,3.40,3.40
(4153)Snake Temple,,,,,,,1.40,1.40,1.40,1.40,1.40,1.40,1.40,1.40,2.00,2.00,2.00,2.00,2.00,2.00,2.00,2.00,2.00,2.00,2.00,2.00,2.00,2.00,2.70,2.70,2.70,2.70,2.70,2.70,2.70,2.70,2.70,2.70,2.70,2.70,2.70,2.70,2.70,2.70,2.70,2.70,2.70,3.40,3.40,3.40,3.40,3.40,3.40,3.40,3.40
(4767)Jalan Tengah,,,,,,,,1.40,1.40,1.40,1.40,1.40,1.40,1.40,1.40,2.00,2.00,2.00,2.00,2.00,2.00,2.00,2.00,2.00,2.00,2.00,2.00,2.00,2.00,2.00,2.70,2.70,2.70,2.70,2.70,2.70,2.70,2.70,2.70,2.70,2.70,2.70,2.70,2.70,2.70,2.70,2.70,2.70,3.40,3.40,3.40,3.40,3.40,3.40,3.40
(5110)Pasaraya Giant,,,,,,,,,1.40,1.40,1.40,1.40,1.40,1.40,1.40,1.40,2.00,2.00,2.00,2.00,2.00,2.00,2.00,2.00,2.00,2.00,2.00,2.00,2.00,2.00,2.00,2.70,2.70,2.70,2.70,2.70,2.70,2.70,2.70,2.70,2.70,2.70,2.70,2.70,2.70,2.70,2.70,2.70,3.40,3.40,3.40,3.40,3.40,3.40,3.40
(5462)Masjid Bayan Baru,,,,,,,,,,1.40,1.40,1.40,1.40,1.40,1.40,1.40,2.00,2.00,2.00,2.00,2.00,2.00,2.00,2.00,2.00,2.00,2.00,2.00,2.00,2.00,2.00,2.00,2.70,2.70,2.70,2.70,2.70,2.70,2.70,2.70,2.70,2.70,2.70,2.70,2.70,2.70,2.70,2.70,2.70,3.40,3.40,3.40,3.40,3.40,3.40
(5676)Sunshine Square,,,,,,,,,,,1.40,1.40,1.40,1.40,1.40,1.40,1.40,2.00,2.00,2.00,2.00,2.00,2.00,2.00,2.00,2.00,2.00,2.00,2.00,2.00,2.00,2.00,2.00,2.70,2.70,2.70,2.70,2.70,2.70,2.70,2.70,2.70,2.70,2.70,2.70,2.70,2.70,2.70,2.70,3.40,3.40,3.40,3.40,3.40,3.40
(5958)Jalan Mahsuri,,,,,,,,,,,,1.40,1.40,1.40,1.40,1.40,1.40,1.40,2.00,2.00,2.00,2.00,2.00,2.00,2.00,2.00,2.00,2.00,2.00,2.00,2.00,2.00,2.00,2.70,2.70,2.70,2.70,2.70,2.70,2.70,2.70,2.70,2.70,2.70,2.70,2.70,2.70,2.70,2.70,3.40,3.40,3.40,3.40,3.40,3.40
(6594)Taman Mahsuri,,,,,,,,,,,,,1.40,1.40,1.40,1.40,1.40,1.40,1.40,2.00,2.00,2.00,2.00,2.00,2.00,2.00,2.00,2.00,2.00,2.00,2.00,2.00,2.00,2.00,2.00,2.70,2.70,2.70,2.70,2.70,2.70,2.70,2.70,2.70,2.70,2.70,2.70,2.70,2.70,2.70,3.40,3.40,3.40,3.40,3.40
(7577)Krystal Point Corporate Park,,,,,,,,,,,,,,1.40,1.40,1.40,1.40,1.40,1.40,1.40,1.40,1.40,2.00,2.00,2.00,2.00,2.00,2.00,2.00,2.00,2.00,2.00,2.00,2.00,2.00,2.00,2.00,2.00,2.00,2.00,2.70,2.70,2.70,2.70,2.70,2.70,2.70,2.70,2.70,2.70,2.70,2.70,2.70,3.40,3.40
(9386)Queensbay Mall,,,,,,,,,,,,,,,1.40,1.40,1.40,1.40,1.40,1.40,1.40,1.40,1.40,1.40,1.40,2.00,2.00,2.00,2.00,2.00,2.00,2.00,2.00,2.00,2.00,2.00,2.00,2.00,2.00,2.00,2.00,2.00,2.00,2.00,2.00,2.70,2.70,2.70,2.70,2.70,2.70,2.70,2.70,2.70,2.70
(11280)Krystal Point Corporate Park,,,,,,,,,,,,,,,,1.40,1.40,1.40,1.40,1.40,1.40,1.40,1.40,1.40,1.40,1.40,2.00,2.00,2.00,2.00,2.00,2.00,2.00,2.00,2.00,2.00,2.00,2.00,2.00,2.00,2.00,2.00,2.00,2.00,2.00,2.00,2.00,2.00,2.70,2.70,2.70,2.70,2.70,2.70,2.70
(12023)Kompleks Bukit Jambul II,,,,,,,,,,,,,,,,,1.40,1.40,1.40,1.40,1.40,1.40,1.40,1.40,1.40,1.40,1.40,2.00,2.00,2.00,2.00,2.00,2.00,2.00,2.00,2.00,2.00,2.00,2.00,2.00,2.00,2.00,2.00,2.00,2.00,2.00,2.00,2.00,2.00,2.70,2.70,2.70,2.70,2.70,2.70
(12477)Masjid Al- Ittifaq,,,,,,,,,,,,,,,,,,1.40,1.40,1.40,1.40,1.40,1.40,1.40,1.40,1.40,1.40,1.40,1.40,1.40,2.00,2.00,2.00,2.00,2.00,2.00,2.00,2.00,2.00,2.00,2.00,2.00,2.00,2.00,2.00,2.00,2.00,2.00,2.00,2.00,2.70,2.70,2.70,2.70,2.70
(12740)Sungai Nibong Kecil,,,,,,,,,,,,,,,,,,,1.40,1.40,1.40,1.40,1.40,1.40,1.40,1.40,1.40,1.40,1.40,1.40,2.00,2.00,2.00,2.00,2.00,2.00,2.00,2.00,2.00,2.00,2.00,2.00,2.00,2.00,2.00,2.00,2.00,2.00,2.00,2.00,2.70,2.70,2.70,2.70,2.70
(13456)Kondominium Tunas Residensi,,,,,,,,,,,,,,,,,,,,1.40,1.40,1.40,1.40,1.40,1.40,1.40,1.40,1.40,1.40,1.40,1.40,1.40,2.00,2.00,2.00,2.00,2.00,2.00,2.00,2.00,2.00,2.00,2.00,2.00,2.00,2.00,2.00,2.00,2.00,2.00,2.00,2.00,2.00,2.70,2.70
(13820)Kompleks Golden Triangle,,,,,,,,,,,,,,,,,,,,,1.40,1.40,1.40,1.40,1.40,1.40,1.40,1.40,1.40,1.40,1.40,1.40,1.40,2.00,2.00,2.00,2.00,2.00,2.00,2.00,2.00,2.00,2.00,2.00,2.00,2.00,2.00,2.00,2.00,2.00,2.00,2.00,2.00,2.00,2.70
(14083)SK Seri Relau,,,,,,,,,,,,,,,,,,,,,,1.40,1.40,1.40,1.40,1.40,1.40,1.40,1.40,1.40,1.40,1.40,1.40,2.00,2.00,2.00,2.00,2.00,2.00,2.00,2.00,2.00,2.00,2.00,2.00,2.00,2.00,2.00,2.00,2.00,2.00,2.00,2.00,2.00,2.70
(14433)Flat 88,,,,,,,,,,,,,,,,,,,,,,,1.40,1.40,1.40,1.40,1.40,1.40,1.40,1.40,1.40,1.40,1.40,1.40,2.00,2.00,2.00,2.00,2.00,2.00,2.00,2.00,2.00,2.00,2.00,2.00,2.00,2.00,2.00,2.00,2.00,2.00,2.00,2.00,2.00
(14741)Apartmen Taman Bendera,,,,,,,,,,,,,,,,,,,,,,,,1.40,1.40,1.40,1.40,1.40,1.40,1.40,1.40,1.40,1.40,1.40,1.40,1.40,2.00,2.00,2.00,2.00,2.00,2.00,2.00,2.00,2.00,2.00,2.00,2.00,2.00,2.00,2.00,2.00,2.00,2.00,2.00
(14974)Pusat Agro Pelancongan,,,,,,,,,,,,,,,,,,,,,,,,,1.40,1.40,1.40,1.40,1.40,1.40,1.40,1.40,1.40,1.40,1.40,1.40,2.00,2.00,2.00,2.00,2.00,2.00,2.00,2.00,2.00,2.00,2.00,2.00,2.00,2.00,2.00,2.00,2.00,2.00,2.00
(15496)Simpang Tingkat Bukit Jambul,,,,,,,,,,,,,,,,,,,,,,,,,,1.40,1.40,1.40,1.40,1.40,1.40,1.40,1.40,1.40,1.40,1.40,1.40,1.40,1.40,2.00,2.00,2.00,2.00,2.00,2.00,2.00,2.00,2.00,2.00,2.00,2.00,2.00,2.00,2.00,2.00
(18153)Pangsapuri Green Garden,,,,,,,,,,,,,,,,,,,,,,,,,,,1.40,1.40,1.40,1.40,1.40,1.40,1.40,1.40,1.40,1.40,1.40,1.40,1.40,1.40,1.40,1.40,1.40,1.40,1.40,1.40,1.40,2.00,2.00,2.00,2.00,2.00,2.00,2.00,2.00
(18685)Tingkat Paya Terubong4,,,,,,,,,,,,,,,,,,,,,,,,,,,,1.40,1.40,1.40,1.40,1.40,1.40,1.40,1.40,1.40,1.40,1.40,1.40,1.40,1.40,1.40,1.40,1.40,1.40,1.40,1.40,1.40,2.00,2.00,2.00,2.00,2.00,2.00,2.00
(19075)Tingkat Paya Terubong 2 - 1,,,,,,,,,,,,,,,,,,,,,,,,,,,,,1.40,1.40,1.40,1.40,1.40,1.40,1.40,1.40,1.40,1.40,1.40,1.40,1.40,1.40,1.40,1.40,1.40,1.40,1.40,1.40,2.00,2.00,2.00,2.00,2.00,2.00,2.00
(19178)Tingkat Paya Terubong 2 - 2,,,,,,,,,,,,,,,,,,,,,,,,,,,,,,1.40,1.40,1.40,1.40,1.40,1.40,1.40,1.40,1.40,1.40,1.40,1.40,1.40,1.40,1.40,1.40,1.40,1.40,1.40,2.00,2.00,2.00,2.00,2.00,2.00,2.00
(19373)Tingkat Paya Terubong 2 - 3,,,,,,,,,,,,,,,,,,,,,,,,,,,,,,,1.40,1.40,1.40,1.40,1.40,1.40,1.40,1.40,1.40,1.40,1.40,1.40,1.40,1.40,1.40,1.40,1.40,1.40,2.00,2.00,2.00,2.00,2.00,2.00,2.00
(19877)Oriental Garden,,,,,,,,,,,,,,,,,,,,,,,,,,,,,,,,1.40,1.40,1.40,1.40,1.40,1.40,1.40,1.40,1.40,1.40,1.40,1.40,1.40,1.40,1.40,1.40,1.40,1.40,2.00,2.00,2.00,2.00,2.00,2.00
(20301)Pekan Paya Terubong,,,,,,,,,,,,,,,,,,,,,,,,,,,,,,,,,1.40,1.40,1.40,1.40,1.40,1.40,1.40,1.40,1.40,1.40,1.40,1.40,1.40,1.40,1.40,1.40,1.40,1.40,2.00,2.00,2.00,2.00,2.00
(20506)Paya Terubong Cemetery,,,,,,,,,,,,,,,,,,,,,,,,,,,,,,,,,,1.40,1.40,1.40,1.40,1.40,1.40,1.40,1.40,1.40,1.40,1.40,1.40,1.40,1.40,1.40,1.40,1.40,2.00,2.00,2.00,2.00,2.00
(21187)Apartment Lone Pine,,,,,,,,,,,,,,,,,,,,,,,,,,,,,,,,,,,1.40,1.40,1.40,1.40,1.40,1.40,1.40,1.40,1.40,1.40,1.40,1.40,1.40,1.40,1.40,1.40,1.40,1.40,2.00,2.00,2.00
(21443)Perumahan PDRM,,,,,,,,,,,,,,,,,,,,,,,,,,,,,,,,,,,,1.40,1.40,1.40,1.40,1.40,1.40,1.40,1.40,1.40,1.40,1.40,1.40,1.40,1.40,1.40,1.40,1.40,1.40,2.00,2.00
(21617)Lebuhraya Thean Teik,,,,,,,,,,,,,,,,,,,,,,,,,,,,,,,,,,,,,1.40,1.40,1.40,1.40,1.40,1.40,1.40,1.40,1.40,1.40,1.40,1.40,1.40,1.40,1.40,1.40,1.40,2.00,2.00
(21978)Lintang Angsana,,,,,,,,,,,,,,,,,,,,,,,,,,,,,,,,,,,,,,1.40,1.40,1.40,1.40,1.40,1.40,1.40,1.40,1.40,1.40,1.40,1.40,1.40,1.40,1.40,1.40,1.40,2.00
(22111)Lintang Angsana II,,,,,,,,,,,,,,,,,,,,,,,,,,,,,,,,,,,,,,,1.40,1.40,1.40,1.40,1.40,1.40,1.40,1.40,1.40,1.40,1.40,1.40,1.40,1.40,1.40,1.40,2.00
(22390)Petronas Farlim,,,,,,,,,,,,,,,,,,,,,,,,,,,,,,,,,,,,,,,,1.40,1.40,1.40,1.40,1.40,1.40,1.40,1.40,1.40,1.40,1.40,1.40,1.40,1.40,1.40,1.40
(22529)Klinik Kesihatan Bandar Baru Air Itam,,,,,,,,,,,,,,,,,,,,,,,,,,,,,,,,,,,,,,,,,1.40,1.40,1.40,1.40,1.40,1.40,1.40,1.40,1.40,1.40,1.40,1.40,1.40,1.40,1.40
(23018)Masjid Bandar Baru Air Itam,,,,,,,,,,,,,,,,,,,,,,,,,,,,,,,,,,,,,,,,,,1.40,1.40,1.40,1.40,1.40,1.40,1.40,1.40,1.40,1.40,1.40,1.40,1.40,1.40
(23284)Pasaraya Sunshine Farlim,,,,,,,,,,,,,,,,,,,,,,,,,,,,,,,,,,,,,,,,,,,1.40,1.40,1.40,1.40,1.40,1.40,1.40,1.40,1.40,1.40,1.40,1.40,1.40
(23591)Fortune Court,,,,,,,,,,,,,,,,,,,,,,,,,,,,,,,,,,,,,,,,,,,,1.40,1.40,1.40,1.40,1.40,1.40,1.40,1.40,1.40,1.40,1.40,1.40
(24010)Apartmen Desa Mawar,,,,,,,,,,,,,,,,,,,,,,,,,,,,,,,,,,,,,,,,,,,,,1.40,1.40,1.40,1.40,1.40,1.40,1.40,1.40,1.40,1.40,1.40
(24313)Wisma Yatim,,,,,,,,,,,,,,,,,,,,,,,,,,,,,,,,,,,,,,,,,,,,,,1.40,1.40,1.40,1.40,1.40,1.40,1.40,1.40,1.40,1.40
(24786)Balai Polis Kampung Baru,,,,,,,,,,,,,,,,,,,,,,,,,,,,,,,,,,,,,,,,,,,,,,,1.40,1.40,1.40,1.40,1.40,1.40,1.40,1.40,1.40
(25048)Pasar Kampung Baru,,,,,,,,,,,,,,,,,,,,,,,,,,,,,,,,,,,,,,,,,,,,,,,,1.40,1.40,1.40,1.40,1.40,1.40,1.40,1.40
(25527)Masjid Negeri P.Pinang,,,,,,,,,,,,,,,,,,,,,,,,,,,,,,,,,,,,,,,,,,,,,,,,,1.40,1.40,1.40,1.40,1.40,1.40,1.40
(26408)Pejabat Agama Islam,,,,,,,,,,,,,,,,,,,,,,,,,,,,,,,,,,,,,,,,,,,,,,,,,,1.40,1.40,1.40,1.40,1.40,1.40
(27127)Heritage Club,,,,,,,,,,,,,,,,,,,,,,,,,,,,,,,,,,,,,,,,,,,,,,,,,,,1.40,1.40,1.40,1.40,1.40
(27817)St. Christoper School,,,,,,,,,,,,,,,,,,,,,,,,,,,,,,,,,,,,,,,,,,,,,,,,,,,,1.40,1.40,1.40,1.40
(28083)Kolej Disted-Stamford,,,,,,,,,,,,,,,,,,,,,,,,,,,,,,,,,,,,,,,,,,,,,,,,,,,,,1.40,1.40,1.40
(28421)Buddhist Society,,,,,,,,,,,,,,,,,,,,,,,,,,,,,,,,,,,,,,,,,,,,,,,,,,,,,,1.40,1.40
(28713)SK Jalan Residensi,,,,,,,,,,,,,,,,,,,,,,,,,,,,,,,,,,,,,,,,,,,,,,,,,,,,,,,1.40
(29164)Hospital P.Pinang I,,,,,,,,,,,,,,,,,,,,,,,,,,,,,,,,,,,,,,,,,,,,,,,,,,,,,,,
