,(1)JETTY A,(249)Container Hotel,(516)Restoran Kapitan,(877)Kampung Kolam,(1195)Lebuh Carnavon,(1793)Komtar,(2273)Terminal Komtar,(2771)Jalan Gudrwara,(3420)Pasar Lebuh Cecil,(4051)Apartmen Desa Selatan,(4443)Peugeot Center,(4841)Mutiara Vista,(4962)Maybank Jelutong,(5217)Shell Jelutong,(5483)Taman Dato Syed Abbas,(5762)Masjid Jelutong,(6214)Pekan Jelutong,(6496)Pejabat Pos Jelutong,(6777)Bukit Dumbar,(7935)RECSAM ,(8346)Astaka Gelugor,(8689)BSN Gelugor,(9000)Restoran Kampung Ku,(9395)SK Sungai Gelugor,(10415)Jejantas Batu Uban,(11371)Klinik Rakyat,(11642)Tapak Pesta Sg Nibong,(12010)Terminal Bas Ekpress Sg Nibong,(12186)Sungai Nibong Besar,(12515)SK Sungai Nibong,(12928)SRJK Kwang Hwa,(13711)Petronas Kampung Jawa,(14698)PSDC,(15675)Snake Temple,(16425)Kilang Clarion,(17394)Sungai Tiram,(18179)Chung Shan Chinese School,(19112)Lapangan Terbang Antarabangsa Pulau Pinang,(20310)Apartment Bayan Permai,(20848)Pekan Bayan Lepas,(21809)Saujana Height,(22302)Teluk Kumbar Height,(23054)Masjid Sungai Batu,(23542)Flat Taman Emas Sungai Batu,(24035)Pekan Teluk Kumbar,(24493)SK Teluk Kumbar,(24726)Bandar Baru Perda,(25039)Hentian Kampung Bukit,(25627)PUSPAKOM
(1)JETTY A,,1.40,1.40,1.40,1.40,1.40,1.40,1.40,1.40,1.40,1.40,1.40,1.40,1.40,1.40,1.40,1.40,1.40,1.40,2.00,2.00,2.00,2.00,2.00,2.00,2.00,2.00,2.00,2.00,2.00,2.00,2.00,2.70,2.70,2.70,2.70,2.70,2.70,2.70,2.70,2.70,3.40,3.40,3.40,3.40,3.40,3.40,3.40,3.40
(249)Container Hotel,,,1.40,1.40,1.40,1.40,1.40,1.40,1.40,1.40,1.40,1.40,1.40,1.40,1.40,1.40,1.40,1.40,1.40,2.00,2.00,2.00,2.00,2.00,2.00,2.00,2.00,2.00,2.00,2.00,2.00,2.00,2.70,2.70,2.70,2.70,2.70,2.70,2.70,2.70,2.70,3.40,3.40,3.40,3.40,3.40,3.40,3.40,3.40
(516)Restoran Kapitan,,,,1.40,1.40,1.40,1.40,1.40,1.40,1.40,1.40,1.40,1.40,1.40,1.40,1.40,1.40,1.40,1.40,2.00,2.00,2.00,2.00,2.00,2.00,2.00,2.00,2.00,2.00,2.00,2.00,2.00,2.70,2.70,2.70,2.70,2.70,2.70,2.70,2.70,2.70,2.70,3.40,3.40,3.40,3.40,3.40,3.40,3.40
(877)Kampung Kolam,,,,,1.40,1.40,1.40,1.40,1.40,1.40,1.40,1.40,1.40,1.40,1.40,1.40,1.40,1.40,1.40,1.40,2.00,2.00,2.00,2.00,2.00,2.00,2.00,2.00,2.00,2.00,2.00,2.00,2.00,2.70,2.70,2.70,2.70,2.70,2.70,2.70,2.70,2.70,3.40,3.40,3.40,3.40,3.40,3.40,3.40
(1195)Lebuh Carnavon,,,,,,1.40,1.40,1.40,1.40,1.40,1.40,1.40,1.40,1.40,1.40,1.40,1.40,1.40,1.40,1.40,2.00,2.00,2.00,2.00,2.00,2.00,2.00,2.00,2.00,2.00,2.00,2.00,2.00,2.70,2.70,2.70,2.70,2.70,2.70,2.70,2.70,2.70,2.70,3.40,3.40,3.40,3.40,3.40,3.40
(1793)Komtar,,,,,,,1.40,1.40,1.40,1.40,1.40,1.40,1.40,1.40,1.40,1.40,1.40,1.40,1.40,1.40,1.40,1.40,2.00,2.00,2.00,2.00,2.00,2.00,2.00,2.00,2.00,2.00,2.00,2.00,2.70,2.70,2.70,2.70,2.70,2.70,2.70,2.70,2.70,2.70,3.40,3.40,3.40,3.40,3.40
(2273)Terminal Komtar,,,,,,,,1.40,1.40,1.40,1.40,1.40,1.40,1.40,1.40,1.40,1.40,1.40,1.40,1.40,1.40,1.40,1.40,2.00,2.00,2.00,2.00,2.00,2.00,2.00,2.00,2.00,2.00,2.00,2.70,2.70,2.70,2.70,2.70,2.70,2.70,2.70,2.70,2.70,2.70,3.40,3.40,3.40,3.40
(2771)Jalan Gudrwara,,,,,,,,,1.40,1.40,1.40,1.40,1.40,1.40,1.40,1.40,1.40,1.40,1.40,1.40,1.40,1.40,1.40,1.40,2.00,2.00,2.00,2.00,2.00,2.00,2.00,2.00,2.00,2.00,2.00,2.70,2.70,2.70,2.70,2.70,2.70,2.70,2.70,2.70,2.70,2.70,2.70,3.40,3.40
(3420)Pasar Lebuh Cecil,,,,,,,,,,1.40,1.40,1.40,1.40,1.40,1.40,1.40,1.40,1.40,1.40,1.40,1.40,1.40,1.40,1.40,1.40,2.00,2.00,2.00,2.00,2.00,2.00,2.00,2.00,2.00,2.00,2.00,2.70,2.70,2.70,2.70,2.70,2.70,2.70,2.70,2.70,2.70,2.70,2.70,3.40
(4051)Apartmen Desa Selatan,,,,,,,,,,,1.40,1.40,1.40,1.40,1.40,1.40,1.40,1.40,1.40,1.40,1.40,1.40,1.40,1.40,1.40,2.00,2.00,2.00,2.00,2.00,2.00,2.00,2.00,2.00,2.00,2.00,2.70,2.70,2.70,2.70,2.70,2.70,2.70,2.70,2.70,2.70,2.70,2.70,2.70
(4443)Peugeot Center,,,,,,,,,,,,1.40,1.40,1.40,1.40,1.40,1.40,1.40,1.40,1.40,1.40,1.40,1.40,1.40,1.40,1.40,2.00,2.00,2.00,2.00,2.00,2.00,2.00,2.00,2.00,2.00,2.00,2.70,2.70,2.70,2.70,2.70,2.70,2.70,2.70,2.70,2.70,2.70,2.70
(4841)Mutiara Vista,,,,,,,,,,,,,1.40,1.40,1.40,1.40,1.40,1.40,1.40,1.40,1.40,1.40,1.40,1.40,1.40,1.40,1.40,2.00,2.00,2.00,2.00,2.00,2.00,2.00,2.00,2.00,2.00,2.70,2.70,2.70,2.70,2.70,2.70,2.70,2.70,2.70,2.70,2.70,2.70
(4962)Maybank Jelutong,,,,,,,,,,,,,,1.40,1.40,1.40,1.40,1.40,1.40,1.40,1.40,1.40,1.40,1.40,1.40,1.40,1.40,1.40,2.00,2.00,2.00,2.00,2.00,2.00,2.00,2.00,2.00,2.70,2.70,2.70,2.70,2.70,2.70,2.70,2.70,2.70,2.70,2.70,2.70
(5217)Shell Jelutong,,,,,,,,,,,,,,,1.40,1.40,1.40,1.40,1.40,1.40,1.40,1.40,1.40,1.40,1.40,1.40,1.40,1.40,1.40,2.00,2.00,2.00,2.00,2.00,2.00,2.00,2.00,2.00,2.70,2.70,2.70,2.70,2.70,2.70,2.70,2.70,2.70,2.70,2.70
(5483)Taman Dato Syed Abbas,,,,,,,,,,,,,,,,1.40,1.40,1.40,1.40,1.40,1.40,1.40,1.40,1.40,1.40,1.40,1.40,1.40,1.40,1.40,2.00,2.00,2.00,2.00,2.00,2.00,2.00,2.00,2.70,2.70,2.70,2.70,2.70,2.70,2.70,2.70,2.70,2.70,2.70
(5762)Masjid Jelutong,,,,,,,,,,,,,,,,,1.40,1.40,1.40,1.40,1.40,1.40,1.40,1.40,1.40,1.40,1.40,1.40,1.40,1.40,2.00,2.00,2.00,2.00,2.00,2.00,2.00,2.00,2.70,2.70,2.70,2.70,2.70,2.70,2.70,2.70,2.70,2.70,2.70
(6214)Pekan Jelutong,,,,,,,,,,,,,,,,,,1.40,1.40,1.40,1.40,1.40,1.40,1.40,1.40,1.40,1.40,1.40,1.40,1.40,1.40,2.00,2.00,2.00,2.00,2.00,2.00,2.00,2.70,2.70,2.70,2.70,2.70,2.70,2.70,2.70,2.70,2.70,2.70
(6496)Pejabat Pos Jelutong,,,,,,,,,,,,,,,,,,,1.40,1.40,1.40,1.40,1.40,1.40,1.40,1.40,1.40,1.40,1.40,1.40,1.40,2.00,2.00,2.00,2.00,2.00,2.00,2.00,2.00,2.70,2.70,2.70,2.70,2.70,2.70,2.70,2.70,2.70,2.70
(6777)Bukit Dumbar,,,,,,,,,,,,,,,,,,,,1.40,1.40,1.40,1.40,1.40,1.40,1.40,1.40,1.40,1.40,1.40,1.40,1.40,2.00,2.00,2.00,2.00,2.00,2.00,2.00,2.70,2.70,2.70,2.70,2.70,2.70,2.70,2.70,2.70,2.70
(7935)RECSAM ,,,,,,,,,,,,,,,,,,,,,1.40,1.40,1.40,1.40,1.40,1.40,1.40,1.40,1.40,1.40,1.40,1.40,1.40,2.00,2.00,2.00,2.00,2.00,2.00,2.00,2.00,2.70,2.70,2.70,2.70,2.70,2.70,2.70,2.70
(8346)Astaka Gelugor,,,,,,,,,,,,,,,,,,,,,,1.40,1.40,1.40,1.40,1.40,1.40,1.40,1.40,1.40,1.40,1.40,1.40,2.00,2.00,2.00,2.00,2.00,2.00,2.00,2.00,2.00,2.70,2.70,2.70,2.70,2.70,2.70,2.70
(8689)BSN Gelugor,,,,,,,,,,,,,,,,,,,,,,,1.40,1.40,1.40,1.40,1.40,1.40,1.40,1.40,1.40,1.40,1.40,1.40,2.00,2.00,2.00,2.00,2.00,2.00,2.00,2.00,2.70,2.70,2.70,2.70,2.70,2.70,2.70
(9000)Restoran Kampung Ku,,,,,,,,,,,,,,,,,,,,,,,,1.40,1.40,1.40,1.40,1.40,1.40,1.40,1.40,1.40,1.40,1.40,2.00,2.00,2.00,2.00,2.00,2.00,2.00,2.00,2.70,2.70,2.70,2.70,2.70,2.70,2.70
(9395)SK Sungai Gelugor,,,,,,,,,,,,,,,,,,,,,,,,,1.40,1.40,1.40,1.40,1.40,1.40,1.40,1.40,1.40,1.40,1.40,2.00,2.00,2.00,2.00,2.00,2.00,2.00,2.00,2.70,2.70,2.70,2.70,2.70,2.70
(10415)Jejantas Batu Uban,,,,,,,,,,,,,,,,,,,,,,,,,,1.40,1.40,1.40,1.40,1.40,1.40,1.40,1.40,1.40,1.40,1.40,2.00,2.00,2.00,2.00,2.00,2.00,2.00,2.00,2.00,2.70,2.70,2.70,2.70
(11371)Klinik Rakyat,,,,,,,,,,,,,,,,,,,,,,,,,,,1.40,1.40,1.40,1.40,1.40,1.40,1.40,1.40,1.40,1.40,1.40,2.00,2.00,2.00,2.00,2.00,2.00,2.00,2.00,2.00,2.00,2.00,2.70
(11642)Tapak Pesta Sg Nibong,,,,,,,,,,,,,,,,,,,,,,,,,,,,1.40,1.40,1.40,1.40,1.40,1.40,1.40,1.40,1.40,1.40,2.00,2.00,2.00,2.00,2.00,2.00,2.00,2.00,2.00,2.00,2.00,2.00
(12010)Terminal Bas Ekpress Sg Nibong,,,,,,,,,,,,,,,,,,,,,,,,,,,,,1.40,1.40,1.40,1.40,1.40,1.40,1.40,1.40,1.40,2.00,2.00,2.00,2.00,2.00,2.00,2.00,2.00,2.00,2.00,2.00,2.00
(12186)Sungai Nibong Besar,,,,,,,,,,,,,,,,,,,,,,,,,,,,,,1.40,1.40,1.40,1.40,1.40,1.40,1.40,1.40,1.40,2.00,2.00,2.00,2.00,2.00,2.00,2.00,2.00,2.00,2.00,2.00
(12515)SK Sungai Nibong,,,,,,,,,,,,,,,,,,,,,,,,,,,,,,,1.40,1.40,1.40,1.40,1.40,1.40,1.40,1.40,2.00,2.00,2.00,2.00,2.00,2.00,2.00,2.00,2.00,2.00,2.00
(12928)SRJK Kwang Hwa,,,,,,,,,,,,,,,,,,,,,,,,,,,,,,,,1.40,1.40,1.40,1.40,1.40,1.40,1.40,2.00,2.00,2.00,2.00,2.00,2.00,2.00,2.00,2.00,2.00,2.00
(13711)Petronas Kampung Jawa,,,,,,,,,,,,,,,,,,,,,,,,,,,,,,,,,1.40,1.40,1.40,1.40,1.40,1.40,1.40,2.00,2.00,2.00,2.00,2.00,2.00,2.00,2.00,2.00,2.00
(14698)PSDC,,,,,,,,,,,,,,,,,,,,,,,,,,,,,,,,,,1.40,1.40,1.40,1.40,1.40,1.40,1.40,2.00,2.00,2.00,2.00,2.00,2.00,2.00,2.00,2.00
(15675)Snake Temple,,,,,,,,,,,,,,,,,,,,,,,,,,,,,,,,,,,1.40,1.40,1.40,1.40,1.40,1.40,1.40,1.40,2.00,2.00,2.00,2.00,2.00,2.00,2.00
(16425)Kilang Clarion,,,,,,,,,,,,,,,,,,,,,,,,,,,,,,,,,,,,1.40,1.40,1.40,1.40,1.40,1.40,1.40,1.40,2.00,2.00,2.00,2.00,2.00,2.00
(17394)Sungai Tiram,,,,,,,,,,,,,,,,,,,,,,,,,,,,,,,,,,,,,1.40,1.40,1.40,1.40,1.40,1.40,1.40,1.40,1.40,1.40,2.00,2.00,2.00
(18179)Chung Shan Chinese School,,,,,,,,,,,,,,,,,,,,,,,,,,,,,,,,,,,,,,1.40,1.40,1.40,1.40,1.40,1.40,1.40,1.40,1.40,1.40,1.40,2.00
(19112)Lapangan Terbang Antarabangsa Pulau Pinang,,,,,,,,,,,,,,,,,,,,,,,,,,,,,,,,,,,,,,,1.40,1.40,1.40,1.40,1.40,1.40,1.40,1.40,1.40,1.40,1.40
(20310)Apartment Bayan Permai,,,,,,,,,,,,,,,,,,,,,,,,,,,,,,,,,,,,,,,,1.40,1.40,1.40,1.40,1.40,1.40,1.40,1.40,1.40,1.40
(20848)Pekan Bayan Lepas,,,,,,,,,,,,,,,,,,,,,,,,,,,,,,,,,,,,,,,,,1.40,1.40,1.40,1.40,1.40,1.40,1.40,1.40,1.40
(21809)Saujana Height,,,,,,,,,,,,,,,,,,,,,,,,,,,,,,,,,,,,,,,,,,1.40,1.40,1.40,1.40,1.40,1.40,1.40,1.40
(22302)Teluk Kumbar Height,,,,,,,,,,,,,,,,,,,,,,,,,,,,,,,,,,,,,,,,,,,1.40,1.40,1.40,1.40,1.40,1.40,1.40
(23054)Masjid Sungai Batu,,,,,,,,,,,,,,,,,,,,,,,,,,,,,,,,,,,,,,,,,,,,1.40,1.40,1.40,1.40,1.40,1.40
(23542)Flat Taman Emas Sungai Batu,,,,,,,,,,,,,,,,,,,,,,,,,,,,,,,,,,,,,,,,,,,,,1.40,1.40,1.40,1.40,1.40
(24035)Pekan Teluk Kumbar,,,,,,,,,,,,,,,,,,,,,,,,,,,,,,,,,,,,,,,,,,,,,,1.40,1.40,1.40,1.40
(24493)SK Teluk Kumbar,,,,,,,,,,,,,,,,,,,,,,,,,,,,,,,,,,,,,,,,,,,,,,,1.40,1.40,1.40
(24726)Bandar Baru Perda,,,,,,,,,,,,,,,,,,,,,,,,,,,,,,,,,,,,,,,,,,,,,,,,1.40,1.40
(25039)Hentian Kampung Bukit,,,,,,,,,,,,,,,,,,,,,,,,,,,,,,,,,,,,,,,,,,,,,,,,,1.40
(25627)PUSPAKOM,,,,,,,,,,,,,,,,,,,,,,,,,,,,,,,,,,,,,,,,,,,,,,,,,
