No,bus_no,depot,bus_model
1,WB9586H,Maluri,ALEXANDER DENNIS E500
2,WC724F,Shah Alam,ALEXANDER DENNIS E500
3,WB5044K,Shah Alam,ALEXANDER DENNIS E500
4,WVN7826,Cheras Selatan,MAN
5,WB5625U,Maluri,ALEXANDER DENNIS E500
6,WNX9074,Academy,MERCEDES MBM 120
7,WNX4097,Academy,MERCEDES MBM 120
8,WC5061B,Maluri,ALEXANDER DENNIS E500
9,WVE4799,Cheras Selatan,MAN
10,WQE2143,Academy,MERCEDES SKS 150
11,WVP2482,Cheras Selatan,MAN
12,WB7625P,Maluri,ALEXANDER DENNIS E500
13,WVN5394,Cheras Selatan,MAN
14,WVJ8172,Batu Caves,MAN
15,WC5319A,Shah Alam,ALEXANDER DENNIS E500
16,WVG2342,Cheras Selatan,MAN
17,WVP2558,Cheras Selatan,MAN
18,WC5692K,Cheras Selatan,ALEXANDER DENNIS E200
19,WVN5531,Batu Caves,MAN
20,WVG2493,Cheras Selatan,MAN
21,WVB3741,Cheras Selatan,MAN
22,WVP2517,Maluri,MAN
23,WVP2513,Cheras Selatan,MAN
24,WVL602,Cheras Selatan,MAN
25,WVE5041,Cheras Selatan,MAN
26,WVL641,Cheras Selatan,MAN
27,WB3762P,Shah Alam,ALEXANDER DENNIS E500
28,WB1098K,Shah Alam,ALEXANDER DENNIS E500
29,CDD1433,Kuantan,SCANIA K250
30,WVC3869,Batu Caves,KING LONG IC 100
31,CDH7750,Kuantan,SCANIA K250
32,CDH2347,Kuantan,SCANIA K250
33,CDH7529,Kuantan,SCANIA K250
34,CDH8317,Kuantan,SCANIA K250
35,CDD2176,Kuantan,SCANIA K250
36,CDH7753,Kuantan,SCANIA K250
37,WC4863G,Maluri,ALEXANDER DENNIS E500
38,CDH7520,Kuantan,SCANIA K250
39,CDH2331,Kuantan,SCANIA K250
40,CDD1429,Kuantan,SCANIA K250
41,WPV6957,Cheras Selatan,VOLVO SD B7RLE
42,WQA5704,Shah Alam,MERCEDES SKS 150
43,CDH8308,Kuantan,SCANIA K250
44,CDD1442,Kuantan,SCANIA K250
45,CDH8905,Kuantan,SCANIA K250
46,CDH8903,Kuantan,SCANIA K250
47,WQA4704,Batu Caves,MERCEDES SKS 150
48,CDH8301,Kuantan,SCANIA K250
49,CDH5966,Kuantan,SCANIA K250
50,CDD1408,Kuantan,SCANIA K250
51,CDH2338,Kuantan,SCANIA K250
52,CDH8312,Kuantan,SCANIA K250
53,CDH8330,Kuantan,SCANIA K250
54,WQB7774,Shah Alam,MERCEDES SKS 150
55,CDH7746,Kuantan,SCANIA K250
56,CDH3787,Kuantan,SCANIA K250
57,CDH7754,Kuantan,SCANIA K250
58,CDH5971,Kuantan,SCANIA K250
59,CDH2343,Kuantan,SCANIA K250
60,CDH2344,Kuantan,SCANIA K250
61,CDH8894,Kuantan,SCANIA K250
62,CDH8890,Kuantan,SCANIA K250
63,CDH2349,Kuantan,SCANIA K250
64,CDH5969,Kuantan,SCANIA K250
65,CDD1436,Kuantan,SCANIA K250
66,WVL734,Maluri,MAN
67,CDH3781,Kuantan,SCANIA K250
68,CDD1447,Kuantan,SCANIA K250
69,WPX7361,Cheras Selatan,VOLVO SD B7RLE
70,CDH5962,Kuantan,SCANIA K250
71,CDH2341,Kuantan,SCANIA K250
72,CDH5958,Kuantan,SCANIA K250
73,VG8761,MRT Sungai Buloh,VOLVO MRT
74,CDH2337,Kuantan,SCANIA K250
75,WPV4571,Cheras Selatan,VOLVO SD B7RLE
76,CDD1439,Kuantan,SCANIA K250
77,CDH8307,Kuantan,SCANIA K250
78,WUY4078,Shah Alam,SCANIA K270
79,WB5886H,Shah Alam,ALEXANDER DENNIS E500
80,WVJ8257,Maluri,MAN
81,WC4490H,Shah Alam,ALEXANDER DENNIS E500
82,WB5029K,Putrajaya,ALEXANDER DENNIS E200
83,WB3635M,Maluri,ALEXANDER DENNIS E500
84,WC8754B,Maluri,ALEXANDER DENNIS E500
85,WVP2572,Maluri,MAN
86,WB5742S,Maluri,ALEXANDER DENNIS E500
87,WVN7754,Maluri,MAN
88,WB490G,Maluri,ALEXANDER DENNIS E500
89,WUW1356,Batu Caves,SCANIA K270
90,WVE4918,Maluri,MAN
91,WQA5709,Shah Alam,MERCEDES SKS 150
92,PJH4804,Batu Caves,SCANIA K270 12
93,WQB3483,Shah Alam,MERCEDES SKS 150
94,WB1004K,Putrajaya,ALEXANDER DENNIS E200
95,WB8297Q,Putrajaya,ALEXANDER DENNIS E200
96,PLA2891,Mak Mandin,SCANIA K250
97,PJJ7237,Sungai Nibong,SCANIA K270 10
98,WVN5408,Batu Caves,MAN
99,WVL649,Maluri,MAN
100,PJL9144,Mak Mandin,SCANIA K270 10
101,PJH4752,Batu Caves,SCANIA K270 12
102,BNG4103,BRT Sunway,BUILD YOUR DREAM
103,WVE5137,Maluri,MAN
104,VGG4832,Cheras Selatan,VOLVO DD B8L
105,WUY1791,Batu Caves,KING LONG IC 100
106,WVA2948,Shah Alam,SCANIA K270
107,VAH9049,MRT Sungai Buloh,VOLVO MRT
108,WC9270G,Shah Alam,ALEXANDER DENNIS E200
109,WVN7765,Batu Caves,MAN
110,W5902R,Maluri,SCANIA K250 B
111,WC348J,Putrajaya,ALEXANDER DENNIS E200
112,VAJ1481,MRT Kajang,SCANIA K250 MRT
113,VAF5765,MRT Sungai Buloh,VOLVO MRT
114,WB856L,Cheras Selatan,SCANIA K250 A
115,WB1872U,Cheras Selatan,SCANIA K250 A
116,WA1675G,Shah Alam,SCANIA K250 B
117,WC7343F,Maluri,ALEXANDER DENNIS E500
118,WVA2965,Shah Alam,SCANIA K270
119,WWF2947,Maluri,HINO SKS
120,PLV2921,Sungai Nibong,SCANIA K250 A
121,WC8427C,Putrajaya,ALEXANDER DENNIS E200
122,WB5069K,Maluri,ALEXANDER DENNIS E500
123,WVY540,Maluri,HINO SKS
124,WSW547,Shah Alam,TOYOTA HIACE
125,PJJ4934,Mak Mandin,SCANIA K270 12
126,PJH4780,Batu Caves,SCANIA K270 12
127,WPX2249,Cheras Selatan,VOLVO SD B7RLE
128,CDK2931,Kuantan,SCANIA K250
129,WVJ953,Batu Caves,SCANIA K270
130,WC5210A,Maluri,ALEXANDER DENNIS E500
131,WC8757B,Putrajaya,ALEXANDER DENNIS E200
132,WVC1680,Shah Alam,SCANIA K270
133,PJH137,Sungai Nibong,SCANIA K270 10
134,WVE3035,Batu Caves,KING LONG IC 100
135,PLV1696,Sungai Nibong,SCANIA K250 A
136,WB2521U,Cheras Selatan,SCANIA K250 A
137,WC1484A,Cheras Selatan,ALEXANDER DENNIS E200
138,WVB6824,Shah Alam,SCANIA K270
139,WB4132V,Sungai Nibong,ALEXANDER DENNIS E500
140,WVJ8202,Maluri,MAN
141,WB3960N,Shah Alam,SCANIA K250 A
142,WVC6407,Batu Caves,KING LONG IC 100
143,WVB2485,Batu Caves,MAN
144,WVE3702,MRT Serdang,SCANIA K270
145,PJG965,Weld Quay,SCANIA K270 10
146,WVA4806,Shah Alam,SCANIA K270
147,WC4981B,Shah Alam,ALEXANDER DENNIS E500
148,PJH2931,Mak Mandin,SCANIA K270 10
149,WPV4613,Cheras Selatan,VOLVO SD B7RLE
150,WVG2429,Maluri,MAN
151,WVW4762,Maluri,HINO SKS
152,PKX3416,Sungai Nibong,SCANIA K250
153,WWA4049,Maluri,HINO SKS
154,WVC6453,Maluri,SCANIA K270
155,PLQ4355,Balik Pulau,SCANIA K250 B
156,WVA5842,Batu Caves,KING LONG IC 100
157,WA3498G,Batu Caves,SCANIA K250 B
158,VH4283,MRT Sungai Buloh,VOLVO MRT
159,WB7005V,Shah Alam,ALEXANDER DENNIS E200
160,WVE5806,Shah Alam,SCANIA K270
161,WPW8159,Cheras Selatan,VOLVO SD B7RLE
162,WPX2492,Cheras Selatan,VOLVO SD B7RLE
163,WPX653,Cheras Selatan,VOLVO SD B7RLE
164,WVC3544,Maluri,MAN
165,WPW5381,Cheras Selatan,VOLVO SD B7RLE
166,WPX5785,Cheras Selatan,VOLVO SD B7RLE
167,PJK2656,Mak Mandin,SCANIA K270 10
168,PJJ4735,Tanjung Bungah,SCANIA K270 10
169,WB3660K,Cheras Selatan,SCANIA K250 A
170,PJL9087,Sungai Nibong,SCANIA K270 10
171,PLV1675,Sungai Nibong,SCANIA K250 A
172,WB2467C,Cheras Selatan,SCANIA K250 A
173,WPX4363,Maluri,VOLVO SD B7RLE
174,PJH6052,Balik Pulau,SCANIA K270 10
175,PJJ6157,Sungai Nibong,SCANIA K270 10
176,VH3982,MRT Serdang,SCANIA K250 MRT
177,PJG4286,Tanjung Bungah,SCANIA K270 10
178,WVB5670,Batu Caves,KING LONG IC 100
179,BNG4105,BRT Sunway,BUILD YOUR DREAM
180,WVE4812,Batu Caves,MAN
181,WVH1758,Shah Alam,SCANIA K270
182,WVA2942,Cheras Selatan,SCANIA K270
183,VH2487,MRT Serdang,SCANIA K250 MRT
184,PLW2733,Sungai Nibong,SCANIA K250 A
185,WVC3485,Batu Caves,MAN
186,VH4053,MRT Kajang,SCANIA K250 MRT
187,VH4096,MRT Kajang,SCANIA K250 MRT
188,VH4069,MRT Serdang,SCANIA K250 MRT
189,PJH165,Sungai Nibong,SCANIA K270 10
190,WVL614,Maluri,MAN
191,WVE4170,MRT Serdang,SCANIA K270
192,WVF1527,Shah Alam,SCANIA K270
193,WVC6439,MRT Serdang,SCANIA K270
194,WC5697K,Cheras Selatan,ALEXANDER DENNIS E200
195,VAF5752,MRT Sungai Buloh,VOLVO MRT
196,PKX3503,Balik Pulau,SCANIA K250
197,PJF1370,Cheras Selatan,SCANIA K270 12
198,CDH7748,MRT Serdang,SCANIA K250
199,PLA7458,Tanjung Bungah,SCANIA K250
200,WPV4561,Cheras Selatan,VOLVO SD B7RLE
201,PLQ2124,Sungai Nibong,SCANIA K250 B
202,WVC3984,Batu Caves,KING LONG IC 100
203,VX3035,MRT Kajang,SCANIA K250 MRT
204,VAG4725,MRT Serdang,SCANIA K250 MRT
205,WUX5843,Batu Caves,KING LONG IC 100
206,WVB2451,Cheras Selatan,MAN
207,WVH7691,Cheras Selatan,MAN
208,PJF1364,Batu Caves,SCANIA K270 12
209,WVL713,Cheras Selatan,MAN
210,WVP2435,Cheras Selatan,MAN
211,WB3649K,Cheras Selatan,SCANIA K250 A
212,W3447S,Cheras Selatan,SCANIA K250 B
213,WPX5814,Cheras Selatan,VOLVO SD B7RLE
214,PLV2867,Mak Mandin,SCANIA K250 A
215,WVH9724,Shah Alam,SCANIA K270
216,PJH6068,Sungai Nibong,SCANIA K270 12
217,WC1083A,Batu Caves,ALEXANDER DENNIS E200
218,WUW8434,Batu Caves,KING LONG IC 100
219,WUY9518,Batu Caves,KING LONG IC 100
220,WUY9570,Batu Caves,KING LONG IC 100
221,WVA4143,Batu Caves,KING LONG IC 100
222,WVA5879,Batu Caves,KING LONG IC 100
223,WVN7853,Cheras Selatan,MAN
224,VGJ8305,Cheras Selatan,VOLVO DD B8L
225,WPX5796,Cheras Selatan,VOLVO SD B7RLE
226,WPX8781,Cheras Selatan,VOLVO SD B7RLE
227,PJK1482,Mak Mandin,SCANIA K270 10
228,W6071T,Maluri,SCANIA K250 B
229,PLT2686,Sungai Nibong,SCANIA K250 A
230,PLV2785,Sungai Nibong,SCANIA K250 A
231,WVB6074,Batu Caves,KING LONG IC 100
232,WVG2397,Batu Caves,MAN
233,WB9371D,Cheras Selatan,SCANIA K250 A
234,VGJ8942,Cheras Selatan,VOLVO DD B8L
235,VGJ8962,Cheras Selatan,VOLVO DD B8L
236,VGK1677,Cheras Selatan,VOLVO DD B8L
237,WPX8207,Cheras Selatan,VOLVO SD B7RLE
238,WVJ8156,Maluri,MAN
239,WVC6471,MRT Serdang,SCANIA K270
240,VAF694,MRT Sungai Buloh,VOLVO MRT
241,VAJ6284,MRT Sungai Buloh,VOLVO MRT
242,VH4930,MRT Sungai Buloh,VOLVO MRT
243,WC1026A,Putrajaya,ALEXANDER DENNIS E200
244,WB4066C,Shah Alam,SCANIA K250 A
245,WB8474H,Shah Alam,SCANIA K250 A
246,WB854L,Shah Alam,SCANIA K250 A
247,W7083Q,Shah Alam,SCANIA K250 B
248,WVD2353,Shah Alam,SCANIA K270
249,WB7691P,Sungai Nibong,ALEXANDER DENNIS E500
250,WVB4208,Batu Caves,KING LONG IC 100
251,PJH4890,Batu Caves,SCANIA K270 12
252,VGH4653,Cheras Selatan,VOLVO DD B8L
253,VGH4674,Cheras Selatan,VOLVO DD B8L
254,VGJ941,Cheras Selatan,VOLVO DD B8L
255,VGK1736,Cheras Selatan,VOLVO DD B8L
256,VH4062,MRT Kajang,SCANIA K250 MRT
257,WVC6461,Shah Alam,SCANIA K270
258,PLV1662,Sungai Nibong,SCANIA K250 A
259,PLV2907,Sungai Nibong,SCANIA K250 A
260,WVC4047,Batu Caves,KING LONG IC 100
261,VAE7225,MRT Kajang,SCANIA K250 MRT
262,W6961T,Shah Alam,SCANIA K250 B
263,WVA4813,Batu Caves,SCANIA K270
264,PJK2731,Batu Caves,SCANIA K270 10
265,WC9071B,Cheras Selatan,ALEXANDER DENNIS E200
266,WVK361,Maluri,MAN
267,VAF5750,MRT Sungai Buloh,VOLVO MRT
268,VAJ2870,MRT Sungai Buloh,VOLVO MRT
269,PLX8644,Nibong Tebal,SCANIA K250 A
270,WVG3324,Shah Alam,SCANIA K270
271,WB6374S,Batu Caves,SCANIA K250 A
272,WVL684,Cheras Selatan,MAN
273,WPX7352,Cheras Selatan,VOLVO SD B7RLE
274,WPX7357,Cheras Selatan,VOLVO SD B7RLE
275,WPX8107,Cheras Selatan,VOLVO SD B7RLE
276,WPX8153,Cheras Selatan,VOLVO SD B7RLE
277,WB5736U,Maluri,ALEXANDER DENNIS E500
278,WVW4792,Maluri,HINO SKS
279,W8975S,Maluri,SCANIA K250 B
280,VH4215,MRT Serdang,VOLVO MRT
281,WUW4148,Shah Alam,SCANIA K270
282,PLU4055,Sungai Nibong,SCANIA K250 A
283,PLW2781,Sungai Nibong,SCANIA K250 A
284,WB2734T,Batu Caves,SCANIA K250 A
285,W7400S,Batu Caves,SCANIA K250 B
286,WVH9625,Batu Caves,SCANIA K270
287,WPX8215,Cheras Selatan,VOLVO SD B7RLE
288,WPX8765,Cheras Selatan,VOLVO SD B7RLE
289,WPX8850,Cheras Selatan,VOLVO SD B7RLE
290,WPX8955,Cheras Selatan,VOLVO SD B7RLE
291,VK6243,MRT Kajang,SCANIA K250 MRT
292,WB503G,Sungai Nibong,ALEXANDER DENNIS E500
293,CDH2348,Sungai Nibong,SCANIA K250
294,PKY1305,Sungai Nibong,SCANIA K250
295,PLL7535,Weld Quay,SCANIA K250
296,WB7436K,Batu Caves,SCANIA K250 A
297,WUW1359,Batu Caves,SCANIA K270
298,PJH4764,Batu Caves,SCANIA K270 12
299,WC7313H,Cheras Selatan,ALEXANDER DENNIS E200
300,WB3075T,Cheras Selatan,SCANIA K250 A
301,WB3819K,Cheras Selatan,SCANIA K250 A
302,VGK8927,Cheras Selatan,VOLVO DD B8L
303,WPV6605,Cheras Selatan,VOLVO SD B7RLE
304,WPX9766,Cheras Selatan,VOLVO SD B7RLE
305,WPX9774,Cheras Selatan,VOLVO SD B7RLE
306,WPX9781,Cheras Selatan,VOLVO SD B7RLE
307,PLN6791,Mak Mandin,SCANIA K250 B
308,WWB5479,Maluri,HINO SKS
309,VAE7564,MRT Kajang,SCANIA K250 MRT
310,VK6475,MRT Kajang,SCANIA K250 MRT
311,VH4577,MRT Serdang,VOLVO MRT
312,VAH9062,MRT Sungai Buloh,VOLVO MRT
313,VH4604,MRT Sungai Buloh,VOLVO MRT
314,PJL9527,Shah Alam,SCANIA K270 10
315,PKX3470,Sungai Nibong,SCANIA K250
316,PLW5964,Sungai Nibong,SCANIA K250 A
317,PLA2844,Weld Quay,SCANIA K250
318,PLL7240,Weld Quay,SCANIA K250
319,WVA4152,Batu Caves,KING LONG IC 100
320,WVA4412,Batu Caves,KING LONG IC 100
321,WVB7356,Batu Caves,SCANIA K270
322,PJH4872,Batu Caves,SCANIA K270 12
323,WB824L,Cheras Selatan,SCANIA K250 A
324,WA2845G,Cheras Selatan,SCANIA K250 B
325,VGJ8315,Cheras Selatan,VOLVO DD B8L
326,WPX4417,Cheras Selatan,VOLVO SD B7RLE
327,WPY719,Cheras Selatan,VOLVO SD B7RLE
328,WPY743,Cheras Selatan,VOLVO SD B7RLE
329,WPY750,Cheras Selatan,VOLVO SD B7RLE
330,PLN6766,Mak Mandin,SCANIA K250 B
331,PJL9387,Mak Mandin,SCANIA K270 10
332,WPY731,Maluri,VOLVO SD B7RLE
333,VH2549,MRT Serdang,SCANIA K250 MRT
334,VAJ8974,MRT Sungai Buloh,VOLVO MRT
335,VG8650,MRT Sungai Buloh,VOLVO MRT
336,VGF8476,Shah Alam,VOLVO DD B8L
337,WC5708J,Sungai Nibong,ALEXANDER DENNIS E500
338,PLN3513,Sungai Nibong,SCANIA K250 B
339,PJH215,Sungai Nibong,SCANIA K270 10
340,PJJ4731,Weld Quay,SCANIA K270 10
341,PLA2935,Balik Pulau,SCANIA K250
342,VAE7492,MRT Kajang,SCANIA K250 MRT
343,VH3694,MRT Kajang,SCANIA K250 MRT
344,VAH9045,MRT Serdang,VOLVO MRT
345,PKX3221,Sungai Nibong,SCANIA K250
346,W2675T,Batu Caves,SCANIA K250 B
347,WB6753J,Cheras Selatan,SCANIA K250 A
348,PLN6781,Mak Mandin,SCANIA K250 B
349,VH2524,MRT Serdang,SCANIA K250 MRT
350,VAJ6234,MRT Sungai Buloh,VOLVO MRT
351,VH4985,MRT Sungai Buloh,VOLVO MRT
352,WB3634N,Shah Alam,SCANIA K250 A
353,WVF5584,Shah Alam,SCANIA K270
354,PLW2738,Sungai Nibong,SCANIA K250 A
355,WVE3603,Sungai Nibong,SCANIA K270
356,PKY1283,Tanjung Bungah,SCANIA K250
357,WVH9594,Batu Caves,SCANIA K270
358,WVN5548,Cheras Selatan,MAN
359,W2840T,Cheras Selatan,SCANIA K250 B
360,PJH4768,Mak Mandin,SCANIA K270 12
361,WVJ8170,Maluri,MAN
362,WVP2462,Maluri,MAN
363,WC4250F,Putrajaya,ALEXANDER DENNIS E200
364,PLL7285,Sungai Nibong,SCANIA K250
365,WVB3950,Batu Caves,KING LONG IC 100
366,WVE3614,Batu Caves,SCANIA K270
367,WVC3448,Cheras Selatan,MAN
368,WVC6714,Cheras Selatan,MAN
369,WVE5025,Cheras Selatan,MAN
370,WVH7632,Cheras Selatan,MAN
371,WB6708F,Cheras Selatan,SCANIA K250 A
372,PLN3478,Mak Mandin,SCANIA K250 B
373,PLP9014,Mak Mandin,SCANIA K250 B
374,WWC4559,Maluri,HINO SKS
375,WVE4800,Maluri,MAN
376,WPV6981,Maluri,VOLVO SD B7RLE
377,VX3739,MRT Kajang,SCANIA K250 MRT
378,VH4571,MRT Sungai Buloh,VOLVO MRT
379,PLV2783,Sungai Nibong,SCANIA K250 A
380,WUW9704,Sungai Nibong,SCANIA K270
381,PJL9763,Sungai Nibong,SCANIA K270 10
382,WVQ2747,Academy,MAN
383,PJG6922,Balik Pulau,SCANIA K270 10
384,WC3844G,Batu Caves,ALEXANDER DENNIS E200
385,WVE4752,Batu Caves,MAN
386,BNG4014,BRT Sunway,BUILD YOUR DREAM
387,WB7571F,Cheras Selatan,SCANIA K250 A
388,VH3585,MRT Kajang,SCANIA K250 MRT
389,VK2607,MRT Serdang,SCANIA K250 MRT
390,VAE7038,MRT Sungai Buloh,VOLVO MRT
391,WA7097M,Shah Alam,SCANIA K250 A
392,PLW2736,Sungai Nibong,SCANIA K250 A
393,PLQ4360,Sungai Nibong,SCANIA K250 B
394,PLQ4443,Sungai Nibong,SCANIA K250 B
395,PLA2913,Weld Quay,SCANIA K250
396,WVB4108,Batu Caves,KING LONG IC 100
397,WVB5687,Batu Caves,KING LONG IC 100
398,WVE7352,Batu Caves,KING LONG IC 100
399,WPX4342,Cheras Selatan,VOLVO SD B7RLE
400,VAF5489,MRT Kajang,SCANIA K250 MRT
401,CDH5972,MRT Serdang,SCANIA K250
402,WVF1734,MRT Serdang,SCANIA K270
403,WC6916H,Sungai Nibong,ALEXANDER DENNIS E500
404,WUY1449,Batu Caves,KING LONG IC 100
405,WVB5693,Batu Caves,KING LONG IC 100
406,WVD9730,Batu Caves,KING LONG IC 100
407,WVE7649,Batu Caves,KING LONG IC 100
408,WVG2361,Batu Caves,MAN
409,WVL574,Cheras Selatan,MAN
410,WVN7784,Cheras Selatan,MAN
411,WA7230M,Cheras Selatan,SCANIA K250 A
412,WB5780H,Cheras Selatan,SCANIA K250 A
413,WPW5406,Cheras Selatan,VOLVO SD B7RLE
414,VAG8541,MRT Kajang,SCANIA K250 MRT
415,VH2059,MRT Serdang,SCANIA K250 MRT
416,VAF5780,MRT Sungai Buloh,VOLVO MRT
417,VH4920,MRT Sungai Buloh,VOLVO MRT
418,PLP9040,Nibong Tebal,SCANIA K250 B
419,WVH6254,Shah Alam,SCANIA K270
420,PLA2847,Sungai Nibong,SCANIA K250
421,PLT2697,Sungai Nibong,SCANIA K250 A
422,PLW5916,Sungai Nibong,SCANIA K250 A
423,PJL9440,Sungai Nibong,SCANIA K270 10
424,PLA2864,Tanjung Bungah,SCANIA K250
425,PJH197,Weld Quay,SCANIA K270 10
426,PJG6820,Batu Caves,SCANIA K270 10
427,VH4113,MRT Kajang,SCANIA K250 MRT
428,WUT8487,Shah Alam,SCANIA K270
429,WVD4700,Shah Alam,SCANIA K270
430,VGF4514,Shah Alam,VOLVO DD B8L
431,VGF4516,Shah Alam,VOLVO DD B8L
432,PKX3384,Sungai Nibong,SCANIA K250
433,PLL7251,Sungai Nibong,SCANIA K250
434,PLT2701,Sungai Nibong,SCANIA K250 A
435,PLA2861,Tanjung Bungah,SCANIA K250
436,WUW1276,Batu Caves,KING LONG IC 100
437,VH4328,MRT Sungai Buloh,VOLVO MRT
438,PKX3241,Sungai Nibong,SCANIA K250
439,CDH2346,Shah Alam,SCANIA K250
440,WB3284N,Shah Alam,SCANIA K250 A
441,VGF6505,Shah Alam,VOLVO DD B8L
442,WVH7920,Cheras Selatan,MAN
443,WVP2440,Cheras Selatan,MAN
444,WPX5893,Cheras Selatan,VOLVO SD B7RLE
445,WUU5997,MRT Serdang,SCANIA K270
446,PJL9121,Sungai Nibong,SCANIA K270 10
447,PLA9904,Tanjung Bungah,SCANIA K250
448,WVL581,Batu Caves,MAN
449,WB6419M,Batu Caves,SCANIA K250 A
450,WVH9685,Batu Caves,SCANIA K270
451,PLN4485,Mak Mandin,SCANIA K250 B
452,PJJ6067,Mak Mandin,SCANIA K270 10
453,VAE7147,MRT Kajang,SCANIA K250 MRT
454,PLA2966,MRT Serdang,SCANIA K250
455,VK2961,MRT Serdang,SCANIA K250 MRT
456,VAE7042,MRT Sungai Buloh,VOLVO MRT
457,VH4086,MRT Sungai Buloh,VOLVO MRT
458,WUW4149,Shah Alam,SCANIA K270
459,WB3644K,Cheras Selatan,SCANIA K250 A
460,WB6436M,Cheras Selatan,SCANIA K250 A
461,WPW5397,Cheras Selatan,VOLVO SD B7RLE
462,WPX2504,Cheras Selatan,VOLVO SD B7RLE
463,WPX5878,Cheras Selatan,VOLVO SD B7RLE
464,PLU4059,Mak Mandin,SCANIA K250 A
465,VH4084,MRT Kajang,SCANIA K250 MRT
466,CDH7749,MRT Serdang,SCANIA K250
467,VH2057,MRT Serdang,SCANIA K250 MRT
468,VH2559,MRT Serdang,SCANIA K250 MRT
469,VAJ6442,MRT Sungai Buloh,VOLVO MRT
470,VAK985,MRT Sungai Buloh,VOLVO MRT
471,WB4416E,Shah Alam,SCANIA K250 A
472,PLT4560,Sungai Nibong,SCANIA K250 A
473,PJF8350,Sungai Nibong,SCANIA K270 10
474,WVC4307,Batu Caves,KING LONG IC 100
475,WQA1064,Batu Caves,MERCEDES SKS 150
476,WB915L,Cheras Selatan,SCANIA K250 A
477,VGJ1954,Cheras Selatan,VOLVO DD B8L
478,VGK8917,Cheras Selatan,VOLVO DD B8L
479,WVC2574,Maluri,MAN
480,VFG2095,Maluri,VOLVO DD B8L
481,VAG6349,MRT Kajang,SCANIA K250 MRT
482,VX3097,MRT Kajang,SCANIA K250 MRT
483,VH1568,MRT Sungai Buloh,VOLVO MRT
484,WA2849M,Shah Alam,SCANIA K250 A
485,WA3697N,Shah Alam,SCANIA K250 A
486,WB5605H,Shah Alam,SCANIA K250 A
487,WUY4963,Shah Alam,SCANIA K270
488,WVD2380,Shah Alam,SCANIA K270
489,VFJ4927,Shah Alam,VOLVO DD B8L
490,WVA4269,Batu Caves,KING LONG IC 100
491,WVN5509,Batu Caves,MAN
492,WVJ2403,Batu Caves,SCANIA K270
493,BNG4109,BRT Sunway,BUILD YOUR DREAM
494,WB8743F,Cheras Selatan,SCANIA K250 A
495,PLQ2260,Mak Mandin,SCANIA K250 B
496,WVA2976,Maluri,SCANIA K270
497,VG8673,MRT Sungai Buloh,VOLVO MRT
498,WA3714M,Shah Alam,SCANIA K250 A
499,W3372R,Shah Alam,SCANIA K250 B
500,PKX3495,Sungai Nibong,SCANIA K250
501,WVD4971,Batu Caves,KING LONG IC 100
502,PJG6845,Mak Mandin,SCANIA K270 10
503,WA2947M,Shah Alam,SCANIA K250 A
504,WB3671K,Shah Alam,SCANIA K250 A
505,VFJ8463,Maluri,VOLVO DD B8L
506,VG6493,MRT Sungai Buloh,VOLVO MRT
507,WVF5486,Shah Alam,SCANIA K270
508,PJM103,Shah Alam,SCANIA K270 10
509,PLG2568,Sungai Nibong,SCANIA K250
510,WVB7217,MRT Serdang,SCANIA K270
511,WB1029K,Putrajaya,ALEXANDER DENNIS E200
512,WB3466P,Putrajaya,ALEXANDER DENNIS E200
513,WVC6416,Batu Caves,KING LONG IC 100
514,WPV6641,Cheras Selatan,VOLVO SD B7RLE
515,WPV6674,Cheras Selatan,VOLVO SD B7RLE
516,WVE4823,Maluri,MAN
517,VAF5451,MRT Kajang,SCANIA K250 MRT
518,VH2049,MRT Serdang,SCANIA K250 MRT
519,WVF1329,MRT Serdang,SCANIA K270
520,PKY1292,Shah Alam,SCANIA K250
521,W2758T,Shah Alam,SCANIA K250 B
522,W7169Q,Shah Alam,SCANIA K250 B
523,VGJ1970,Shah Alam,VOLVO DD B8L
524,PJJ4942,Sungai Nibong,SCANIA K270 10
525,PKX3511,Tanjung Bungah,SCANIA K250
526,PLV2780,Balik Pulau,SCANIA K250 A
527,WUW8429,Batu Caves,KING LONG IC 100
528,WUX5671,Batu Caves,KING LONG IC 100
529,WUY9579,Batu Caves,KING LONG IC 100
530,WVA4243,Batu Caves,KING LONG IC 100
531,WVC4038,Batu Caves,KING LONG IC 100
532,WB5022K,Cheras Selatan,ALEXANDER DENNIS E200
533,VGJ8965,Maluri,VOLVO DD B8L
534,VAE7104,MRT Kajang,SCANIA K250 MRT
535,VAG8051,MRT Kajang,SCANIA K250 MRT
536,VAJ1514,MRT Kajang,SCANIA K250 MRT
537,CDH7532,MRT Serdang,SCANIA K250
538,VH2476,MRT Serdang,SCANIA K250 MRT
539,VAK962,MRT Sungai Buloh,VOLVO MRT
540,VH4206,MRT Sungai Buloh,VOLVO MRT
541,VH4642,MRT Sungai Buloh,VOLVO MRT
542,WA9478M,Shah Alam,SCANIA K250 A
543,W4677V,Shah Alam,SCANIA K250 B
544,WUY4091,Shah Alam,SCANIA K270
545,WVA3021,Shah Alam,SCANIA K270
546,WUW2519,Batu Caves,KING LONG IC 100
547,WVA4156,Batu Caves,KING LONG IC 100
548,WVD4836,Batu Caves,KING LONG IC 100
549,WVL659,Batu Caves,MAN
550,WB6530S,Batu Caves,SCANIA K250 A
551,W7952S,Batu Caves,SCANIA K250 B
552,WA3648G,Batu Caves,SCANIA K250 B
553,VFE4091,Batu Caves,VOLVO DD B8L
554,WB5608Q,Cheras Selatan,SCANIA K250 A
555,WA1376G,Cheras Selatan,SCANIA K250 B
556,VGY9558,Cheras Selatan,VOLVO DD B8L
557,VGG9481,Maluri,VOLVO DD B8L
558,VAE7537,MRT Kajang,SCANIA K250 MRT
559,VH2547,MRT Serdang,SCANIA K250 MRT
560,VK2745,MRT Serdang,SCANIA K250 MRT
561,VAJ2875,MRT Sungai Buloh,VOLVO MRT
562,VG6473,MRT Sungai Buloh,VOLVO MRT
563,PMQ3578,Putrajaya,ALEXANDER DENNIS E200
564,WB3346N,Shah Alam,SCANIA K250 A
565,W7743T,Shah Alam,SCANIA K250 B
566,WVA2966,Shah Alam,SCANIA K270
567,WVE5061,Batu Caves,MAN
568,WB6417S,Batu Caves,SCANIA K250 A
569,VGK8915,Cheras Selatan,VOLVO DD B8L
570,VHB3371,Cheras Selatan,VOLVO DD B8L
571,PJJ3342,Mak Mandin,SCANIA K270 10
572,PJL9805,Mak Mandin,SCANIA K270 10
573,VAC5764,MRT Sungai Buloh,VOLVO MRT
574,WVB6987,Shah Alam,SCANIA K270
575,WVD3251,Shah Alam,SCANIA K270
576,WVF1427,Shah Alam,SCANIA K270
577,PKX3237,Sungai Nibong,SCANIA K250
578,PJJ3296,Sungai Nibong,SCANIA K270 10
579,WPV6652,Cheras Selatan,VOLVO SD B7RLE
580,PJJ260,Mak Mandin,SCANIA K270 10
581,VH4030,MRT Kajang,SCANIA K250 MRT
582,PLW5998,Nibong Tebal,SCANIA K250 A
583,WUW8410,Batu Caves,KING LONG IC 100
584,WB7597P,Batu Caves,SCANIA K250 A
585,W3525T,Cheras Selatan,SCANIA K250 B
586,VH2480,MRT Serdang,SCANIA K250 MRT
587,PKX3387,Sungai Nibong,SCANIA K250
588,WUW2542,Batu Caves,KING LONG IC 100
589,WQA7095,Batu Caves,MERCEDES SKS 150
590,VFK4581,Batu Caves,VOLVO DD B8L
591,PLP9134,Mak Mandin,SCANIA K250 B
592,W3354R,Maluri,SCANIA K250 B
593,VAF5464,MRT Kajang,SCANIA K250 MRT
594,VAJ3415,MRT Kajang,SCANIA K250 MRT
595,VH3751,MRT Kajang,SCANIA K250 MRT
596,VAF5439,MRT Serdang,SCANIA K250 MRT
597,WB5549U,Putrajaya,ALEXANDER DENNIS E200
598,WUY4954,Shah Alam,SCANIA K270
599,WVA3157,Shah Alam,SCANIA K270
600,PLV2797,Balik Pulau,SCANIA K250 A
601,PJL9946,Balik Pulau,SCANIA K270 10
602,WVC6476,Batu Caves,SCANIA K270
603,WVH9827,Batu Caves,SCANIA K270
604,WQA7920,Cheras Selatan,VOLVO SD B7RLE
605,WVN7821,Maluri,MAN
606,VH2531,MRT Serdang,SCANIA K250 MRT
607,VH4037,MRT Serdang,SCANIA K250 MRT
608,VAC9627,MRT Sungai Buloh,VOLVO MRT
609,VH4671,MRT Sungai Buloh,VOLVO MRT
610,WC5698K,Putrajaya,ALEXANDER DENNIS E200
611,PLW5947,Sungai Nibong,SCANIA K250 A
612,WUW1485,Batu Caves,KING LONG IC 100
613,W4986V,Batu Caves,SCANIA K250 B
614,PJJ7149,Batu Caves,SCANIA K270 12
615,WC4453C,Cheras Selatan,ALEXANDER DENNIS E200
616,VGJ2001,Cheras Selatan,VOLVO DD B8L
617,WPX5245,Cheras Selatan,VOLVO SD B7RLE
618,VAF5425,MRT Kajang,SCANIA K250 MRT
619,VH4089,MRT Kajang,SCANIA K250 MRT
620,VX3537,MRT Kajang,SCANIA K250 MRT
621,VAF5434,MRT Serdang,SCANIA K250 MRT
622,VH2478,MRT Serdang,SCANIA K250 MRT
623,WVG3358,MRT Serdang,SCANIA K270
624,VAG4872,MRT Sungai Buloh,VOLVO MRT
625,WB5493H,Shah Alam,SCANIA K250 A
626,WUY4958,Sungai Nibong,SCANIA K270
627,PKX3499,Balik Pulau,SCANIA K250
628,WUW1285,Batu Caves,KING LONG IC 100
629,WVA4383,Batu Caves,KING LONG IC 100
630,WVB4163,Batu Caves,KING LONG IC 100
631,WVH6234,Batu Caves,SCANIA K270
632,PJM4305,Batu Caves,SCANIA K270 10
633,WB792L,Cheras Selatan,SCANIA K250 A
634,VGK1642,Cheras Selatan,VOLVO DD B8L
635,WPX5493,Cheras Selatan,VOLVO SD B7RLE
636,WPX5770,Cheras Selatan,VOLVO SD B7RLE
637,WPX6151,Cheras Selatan,VOLVO SD B7RLE
638,PJH4806,Mak Mandin,SCANIA K270 12
639,WVP2544,Maluri,MAN
640,VEQ7949,Maluri,VOLVO DD B8L
641,VAE7408,MRT Kajang,SCANIA K250 MRT
642,VAF5339,MRT Kajang,SCANIA K250 MRT
643,VAF6410,MRT Kajang,SCANIA K250 MRT
644,VAG8049,MRT Kajang,SCANIA K250 MRT
645,VAJ1482,MRT Kajang,SCANIA K250 MRT
646,VAH9044,MRT Sungai Buloh,VOLVO MRT
647,WB3234N,Shah Alam,SCANIA K250 A
648,WUW4133,Shah Alam,SCANIA K270
649,PJJ5202,Shah Alam,SCANIA K270 10
650,WVB5646,Batu Caves,KING LONG IC 100
651,WVD4189,Batu Caves,SCANIA K270
652,VGL1376,Maluri,VOLVO DD B8L
653,VAF5441,MRT Kajang,SCANIA K250 MRT
654,VH4043,MRT Kajang,SCANIA K250 MRT
655,VAJ6314,MRT Sungai Buloh,VOLVO MRT
656,VG6491,MRT Sungai Buloh,VOLVO MRT
657,WVH6414,Shah Alam,SCANIA K270
658,PLW2715,Sungai Nibong,SCANIA K250 A
659,PJG6913,Sungai Nibong,SCANIA K270 10
660,WVH9549,Batu Caves,SCANIA K270
661,PJG4312,Sungai Nibong,SCANIA K270 10
662,PJJ7259,Sungai Nibong,SCANIA K270 10
663,WB7417K,Cheras Selatan,SCANIA K250 A
664,WB8449K,Cheras Selatan,SCANIA K250 A
665,WVA5831,Academy,KING LONG IC 100
666,WC965F,Batu Caves,ALEXANDER DENNIS E200
667,WC1784M,Cheras Selatan,ALEXANDER DENNIS E200
668,WVP2522,Maluri,MAN
669,VH2540,MRT Kajang,SCANIA K250 MRT
670,VH4059,MRT Kajang,SCANIA K250 MRT
671,WVH6171,MRT Serdang,SCANIA K270
672,PJH2922,Sungai Nibong,SCANIA K270 10
673,WPV4582,Cheras Selatan,VOLVO SD B7RLE
674,WVE5068,Maluri,MAN
675,WVH7894,Maluri,MAN
676,VK6460,MRT Kajang,SCANIA K250 MRT
677,VM2846,MRT Serdang,SCANIA K250 MRT
678,CDH7756,Shah Alam,SCANIA K250
679,CDD1425,Sungai Nibong,SCANIA K250
680,WUW1459,Batu Caves,KING LONG IC 100
681,WVE7257,Batu Caves,KING LONG IC 100
682,BNG4107,BRT Sunway,BUILD YOUR DREAM
683,WB8514H,Cheras Selatan,SCANIA K250 A
684,WPX1356,Cheras Selatan,VOLVO SD B7RLE
685,PLN4563,Mak Mandin,SCANIA K250 B
686,WVP2531,Maluri,MAN
687,VEP2254,Maluri,VOLVO DD B8L
688,VH1385,MRT Sungai Buloh,VOLVO MRT
689,WA9453M,Shah Alam,SCANIA K250 A
690,PJH4736,Shah Alam,SCANIA K270 10
691,PKX3334,Sungai Nibong,SCANIA K250
692,PJJ5169,Sungai Nibong,SCANIA K270 10
693,WVA4137,Batu Caves,KING LONG IC 100
694,WVC3807,Batu Caves,KING LONG IC 100
695,WVD4822,Batu Caves,KING LONG IC 100
696,PJJ4919,Batu Caves,SCANIA K270 12
697,WB620L,Cheras Selatan,SCANIA K250 A
698,W4415R,Cheras Selatan,SCANIA K250 B
699,VGG9506,Cheras Selatan,VOLVO DD B8L
700,WWA7289,Maluri,HINO SKS
701,WVL674,Maluri,MAN
702,WVN5478,Maluri,MAN
703,VGG4830,Maluri,VOLVO DD B8L
704,VAF7134,MRT Kajang,SCANIA K250 MRT
705,VAJ1480,MRT Kajang,SCANIA K250 MRT
706,VH2490,MRT Serdang,SCANIA K250 MRT
707,VAF5761,MRT Sungai Buloh,VOLVO MRT
708,VAJ7134,MRT Sungai Buloh,VOLVO MRT
709,VG6550,MRT Sungai Buloh,VOLVO MRT
710,VH4270,MRT Sungai Buloh,VOLVO MRT
711,WC7065H,Putrajaya,ALEXANDER DENNIS E200
712,WA2721M,Shah Alam,SCANIA K250 A
713,WVA2986,Shah Alam,SCANIA K270
714,WVB6840,Shah Alam,SCANIA K270
715,PKY1273,Sungai Nibong,SCANIA K250
716,PJG4309,Sungai Nibong,SCANIA K270 10
717,PLA2910,Weld Quay,SCANIA K250
718,PJJ290,Weld Quay,SCANIA K270 10
719,WUX5823,Batu Caves,KING LONG IC 100
720,WA5036G,Batu Caves,SCANIA K250 B
721,PJJ4926,Mak Mandin,SCANIA K270 10
722,VG8671,MRT Sungai Buloh,VOLVO MRT
723,WVA3105,Shah Alam,SCANIA K270
724,WVE5708,Shah Alam,SCANIA K270
725,PMQ2978,Sungai Nibong,ALEXANDER DENNIS E500
726,PLT9177,Sungai Nibong,SCANIA K250 A
727,PJL9785,Weld Quay,SCANIA K270 10
728,PLN4508,Mak Mandin,SCANIA K250 B
729,PLQ2170,Mak Mandin,SCANIA K250 B
730,PLW2787,Sungai Nibong,SCANIA K250 A
731,WVA4165,Batu Caves,KING LONG IC 100
732,WPV4536,Cheras Selatan,VOLVO SD B7RLE
733,WPX1372,Cheras Selatan,VOLVO SD B7RLE
734,WPX637,Cheras Selatan,VOLVO SD B7RLE
735,WB5403U,Putrajaya,ALEXANDER DENNIS E200
736,WVD1492,Shah Alam,SCANIA K270
737,PJJ4738,Sungai Nibong,SCANIA K270 10
738,WUW3416,Batu Caves,KING LONG IC 100
739,W3607T,Batu Caves,SCANIA K250 B
740,WB2148J,Cheras Selatan,SCANIA K250 A
741,VGN2847,Cheras Selatan,VOLVO DD B8L
742,WVG2380,Maluri,MAN
743,WVP2493,Maluri,MAN
744,CDH5967,MRT Serdang,SCANIA K250
745,VAF7159,MRT Serdang,SCANIA K250 MRT
746,VAK952,MRT Sungai Buloh,VOLVO MRT
747,VG6524,MRT Sungai Buloh,VOLVO MRT
748,WUX6797,Batu Caves,KING LONG IC 100
749,WVA4147,Batu Caves,KING LONG IC 100
750,PLQ2146,Batu Caves,SCANIA K250 B
751,VGY9564,Cheras Selatan,VOLVO DD B8L
752,PLQ4413,Mak Mandin,SCANIA K250 B
753,PJK1490,Mak Mandin,SCANIA K270 10
754,VAG4715,MRT Kajang,SCANIA K250 MRT
755,VAG4729,MRT Kajang,SCANIA K250 MRT
756,WB1015K,Putrajaya,ALEXANDER DENNIS E200
757,WB9172J,Putrajaya,ALEXANDER DENNIS E200
758,CDH8334,Sungai Nibong,SCANIA K250
759,PJH224,Sungai Nibong,SCANIA K270 10
760,PKY1269,Balik Pulau,SCANIA K250
761,PLV1686,Balik Pulau,SCANIA K250 A
762,VER7240,Maluri,VOLVO DD B8L
763,VK6258,MRT Kajang,SCANIA K250 MRT
764,WUY4969,MRT Serdang,SCANIA K270
765,VG8690,MRT Serdang,VOLVO MRT
766,WC694F,Putrajaya,ALEXANDER DENNIS E200
767,WA3262L,Shah Alam,SCANIA K250 A
768,WA7449M,Shah Alam,SCANIA K250 A
769,PMQ2778,Sungai Nibong,ALEXANDER DENNIS E500
770,PLN6772,Mak Mandin,SCANIA K250 B
771,VAJ2895,MRT Sungai Buloh,VOLVO MRT
772,WA6739N,Shah Alam,SCANIA K250 A
773,WVG3320,Shah Alam,SCANIA K270
774,PJL9158,Sungai Nibong,SCANIA K270 10
775,VH2544,MRT Serdang,SCANIA K250 MRT
776,WB962P,Shah Alam,SCANIA K250 A
777,PLA2874,Sungai Nibong,SCANIA K250
778,PLT2724,Sungai Nibong,SCANIA K250 A
779,PLQ2245,Sungai Nibong,SCANIA K250 B
780,WVE4879,Batu Caves,MAN
781,WB1036U,Cheras Selatan,SCANIA K250 A
782,WB1755J,Cheras Selatan,SCANIA K250 A
783,WB2995B,Cheras Selatan,SCANIA K250 A
784,WA2856G,Cheras Selatan,SCANIA K250 B
785,PJM2475,Mak Mandin,SCANIA K270 10
786,VG8917,MRT Serdang,VOLVO MRT
787,WUW9720,Shah Alam,SCANIA K270
788,VAG4711,MRT Serdang,SCANIA K250 MRT
789,WC4643H,Putrajaya,ALEXANDER DENNIS E200
790,WB5025K,Shah Alam,ALEXANDER DENNIS E500
791,WVA3045,Shah Alam,SCANIA K270
792,WVN5576,Batu Caves,MAN
793,WC2075D,Cheras Selatan,TOYOTA HIACE
794,VGH1470,Cheras Selatan,VOLVO DD B8L
795,WVJ931,Maluri,MAN
796,VK6749,MRT Kajang,SCANIA K250 MRT
797,VAH9053,MRT Sungai Buloh,VOLVO MRT
798,WA7197M,Shah Alam,SCANIA K250 A
799,PLQ4387,Sungai Nibong,SCANIA K250 B
800,WB8610F,Cheras Selatan,SCANIA K250 A
801,WB5634U,Maluri,ALEXANDER DENNIS E500
802,WC1692M,Putrajaya,ALEXANDER DENNIS E200
803,WB6425M,Shah Alam,SCANIA K250 A
804,WUT8497,Shah Alam,SCANIA K270
805,WUY4968,Shah Alam,SCANIA K270
806,WVP2491,Batu Caves,MAN
807,WVP2487,Maluri,MAN
808,VK2913,MRT Kajang,SCANIA K250 MRT
809,WB7518K,Shah Alam,SCANIA K250 A
810,WVC2034,Batu Caves,SCANIA K270
811,PLN6796,Mak Mandin,SCANIA K250 B
812,VAG4880,MRT Sungai Buloh,VOLVO MRT
813,VH4236,MRT Sungai Buloh,VOLVO MRT
814,PLW2756,Nibong Tebal,SCANIA K250 A
815,WUT8496,Batu Caves,SCANIA K270
816,PJJ6025,Batu Caves,SCANIA K270 10
817,VG8591,MRT Sungai Buloh,VOLVO MRT
818,PLV1652,Sungai Nibong,SCANIA K250 A
819,WUW5264,Batu Caves,KING LONG IC 100
820,VAF5438,MRT Kajang,SCANIA K250 MRT
821,VH3603,MRT Kajang,SCANIA K250 MRT
822,VK2767,MRT Serdang,SCANIA K250 MRT
823,PLW2758,Sungai Nibong,SCANIA K250 A
824,WVA4166,Batu Caves,KING LONG IC 100
825,WVC3796,Batu Caves,KING LONG IC 100
826,WVL743,Batu Caves,MAN
827,PLP9144,Mak Mandin,SCANIA K250 B
828,VH4073,MRT Serdang,SCANIA K250 MRT
829,W4948W,Shah Alam,SCANIA K250 B
830,W8053Q,Shah Alam,SCANIA K250 B
831,WVB6891,Shah Alam,SCANIA K270
832,WVA4421,Batu Caves,KING LONG IC 100
833,WVH7865,Batu Caves,MAN
834,WVL739,Batu Caves,MAN
835,WVN5547,Batu Caves,MAN
836,PJJ4915,Mak Mandin,SCANIA K270 10
837,WVU9785,Maluri,HINO SKS
838,WVB3764,Maluri,MAN
839,WVJ8215,Maluri,MAN
840,VH4189,MRT Kajang,SCANIA K250 MRT
841,CDH7751,MRT Serdang,SCANIA K250
842,WVB7343,MRT Serdang,SCANIA K270
843,WB3642M,Putrajaya,ALEXANDER DENNIS E200
844,WUT8493,Shah Alam,SCANIA K270
845,PJH170,Shah Alam,SCANIA K270 10
846,WUU6645,Batu Caves,KING LONG IC 100
847,WB2675Q,Batu Caves,SCANIA K250 A
848,WVF5646,Batu Caves,SCANIA K270
849,PJJ4732,Sungai Nibong,SCANIA K270 10
850,PJJ5238,Sungai Nibong,SCANIA K270 10
851,WVG8523,Batu Caves,SCANIA K270
852,PJF2887,Mak Mandin,SCANIA K270 10
853,PLV2771,Sungai Nibong,SCANIA K250 A
854,PKY1280,Tanjung Bungah,SCANIA K250
855,W479T,Batu Caves,SCANIA K250 B
856,WVG8659,Batu Caves,SCANIA K270
857,VH4921,MRT Sungai Buloh,VOLVO MRT
858,W5174V,Shah Alam,SCANIA K250 B
859,WVC6421,Batu Caves,KING LONG IC 100
860,WVC2524,Batu Caves,MAN
861,WVA3151,Batu Caves,SCANIA K270
862,WPW5363,Cheras Selatan,VOLVO SD B7RLE
863,VH3750,MRT Kajang,SCANIA K250 MRT
864,WVJ8371,MRT Serdang,SCANIA K270
865,VAH9042,MRT Sungai Buloh,VOLVO MRT
866,VH4924,MRT Sungai Buloh,VOLVO MRT
867,WB6746M,Shah Alam,SCANIA K250 A
868,WC809F,Batu Caves,ALEXANDER DENNIS E200
869,VH3743,MRT Kajang,SCANIA K250 MRT
870,VH2485,MRT Serdang,SCANIA K250 MRT
871,PLX8951,Nibong Tebal,SCANIA K250 A
872,WC967F,Putrajaya,ALEXANDER DENNIS E200
873,PJM119,Sungai Nibong,SCANIA K270 10
874,WVC6428,Batu Caves,KING LONG IC 100
875,WVJ8295,Batu Caves,MAN
876,WYG6428,Cheras Selatan,HYUNDAI STAREX
877,WQR7493,Cheras Selatan,VOLVO SD B7RLE
878,PLN4487,Mak Mandin,SCANIA K250 B
879,W4860W,Maluri,SCANIA K250 B
880,CDH5963,MRT Serdang,SCANIA K250
881,WB3240T,Shah Alam,SCANIA K250 A
882,PKY1275,Sungai Nibong,SCANIA K250
883,WUX5708,Batu Caves,KING LONG IC 100
884,WVB4105,Batu Caves,KING LONG IC 100
885,WVB6985,Batu Caves,SCANIA K270
886,WVJ1058,Cheras Selatan,MAN
887,WB3225B,Cheras Selatan,SCANIA K250 A
888,WPX2191,Cheras Selatan,VOLVO SD B7RLE
889,WPX4727,Cheras Selatan,VOLVO SD B7RLE
890,PLP9027,Mak Mandin,SCANIA K250 B
891,PJG4327,Mak Mandin,SCANIA K270 10
892,PJM2655,Mak Mandin,SCANIA K270 10
893,WVP2456,Maluri,MAN
894,W4087R,Maluri,SCANIA K250 B
895,WB4377E,Shah Alam,SCANIA K250 A
896,PLT9160,Sungai Nibong,SCANIA K250 A
897,WVA5843,Batu Caves,KING LONG IC 100
898,WPX6932,Cheras Selatan,VOLVO SD B7RLE
899,VAG4913,MRT Sungai Buloh,VOLVO MRT
900,PJL9460,Sungai Nibong,SCANIA K270 10
901,WUW3961,Batu Caves,KING LONG IC 100
902,WB7358P,Batu Caves,SCANIA K250 A
903,WB846U,Cheras Selatan,SCANIA K250 A
904,VHB446,Cheras Selatan,VOLVO DD B8L
905,VAG4873,MRT Sungai Buloh,VOLVO MRT
906,VG8845,MRT Sungai Buloh,VOLVO MRT
907,WB1019K,Putrajaya,ALEXANDER DENNIS E200
908,WUY4052,Shah Alam,SCANIA K270
909,PLQ4432,Sungai Nibong,SCANIA K250 B
910,PLQ4374,Mak Mandin,SCANIA K250 B
911,VAH9067,MRT Sungai Buloh,VOLVO MRT
912,WB1397K,Putrajaya,ALEXANDER DENNIS E200
913,PKY1272,Sungai Nibong,SCANIA K250
914,WVH7655,Batu Caves,MAN
915,WPX1366,Cheras Selatan,VOLVO SD B7RLE
916,VAF7167,MRT Kajang,SCANIA K250 MRT
917,PKX3289,Balik Pulau,SCANIA K250
918,WB495G,Maluri,ALEXANDER DENNIS E500
919,WVE5160,Maluri,MAN
920,VEN3891,Maluri,VOLVO DD B8L
921,WUY4966,MRT Serdang,SCANIA K270
922,VG8703,MRT Sungai Buloh,VOLVO MRT
923,WB1120K,Putrajaya,ALEXANDER DENNIS E200
924,WC4980B,Putrajaya,ALEXANDER DENNIS E200
925,WUY4084,Shah Alam,SCANIA K270
926,PJK1473,Shah Alam,SCANIA K270 10
927,PLU3895,Sungai Nibong,SCANIA K250 A
928,PJK1498,Weld Quay,SCANIA K270 10
929,WB3643M,Batu Caves,ALEXANDER DENNIS E200
930,WVH7906,Batu Caves,MAN
931,WVF5487,Batu Caves,SCANIA K270
932,WVH1676,Batu Caves,SCANIA K270
933,WB1862U,Cheras Selatan,SCANIA K250 A
934,WB1904C,Cheras Selatan,SCANIA K250 A
935,WB1938U,Cheras Selatan,SCANIA K250 A
936,VEL9768,Maluri,VOLVO DD B8L
937,VEY4750,Maluri,VOLVO DD B8L
938,CDD1422,MRT Serdang,SCANIA K250
939,VH4268,MRT Serdang,VOLVO MRT
940,VAJ2850,MRT Sungai Buloh,VOLVO MRT
941,VG8580,MRT Sungai Buloh,VOLVO MRT
942,WB9433J,Putrajaya,ALEXANDER DENNIS E200
943,WB4630S,Shah Alam,ALEXANDER DENNIS E200
944,PLV2759,Sungai Nibong,SCANIA K250 A
945,PLA7462,Tanjung Bungah,SCANIA K250
946,PKX3276,Weld Quay,SCANIA K250
947,WB759L,Cheras Selatan,SCANIA K250 A
948,WB946L,Cheras Selatan,SCANIA K250 A
949,WB5661Q,Batu Caves,SCANIA K250 A
950,PJH4721,Batu Caves,SCANIA K270 10
951,WB5734H,Cheras Selatan,SCANIA K250 A
952,PLV2902,Mak Mandin,SCANIA K250 A
953,WVP2518,Maluri,MAN
954,CDH7526,Shah Alam,SCANIA K250
955,PKX3352,Sungai Nibong,SCANIA K250
956,PKX3214,Tanjung Bungah,SCANIA K250
957,WVD3246,Shah Alam,SCANIA K270
958,PLA2900,Weld Quay,SCANIA K250
959,WUW1421,Batu Caves,KING LONG IC 100
960,PJK1443,Mak Mandin,SCANIA K270 10
961,WVE5821,Shah Alam,SCANIA K270
962,WB3632M,Batu Caves,ALEXANDER DENNIS E200
963,WC1079A,Batu Caves,ALEXANDER DENNIS E200
964,PLP9016,Mak Mandin,SCANIA K250 B
965,WVE4911,Maluri,MAN
966,PLP9085,Nibong Tebal,SCANIA K250 B
967,WVB3658,Batu Caves,MAN
968,WVH7754,Cheras Selatan,MAN
969,WB837U,Cheras Selatan,SCANIA K250 A
970,WB8554D,Cheras Selatan,SCANIA K250 A
971,W304T,Cheras Selatan,SCANIA K250 B
972,VH2499,MRT Serdang,SCANIA K250 MRT
973,VAC5746,MRT Sungai Buloh,VOLVO MRT
974,VH1562,MRT Sungai Buloh,VOLVO MRT
975,WB5638Q,Batu Caves,SCANIA K250 A
976,WVG5306,Batu Caves,SCANIA K270
977,WB9037F,Cheras Selatan,SCANIA K250 A
978,PLV2893,Mak Mandin,SCANIA K250 A
979,PJF1346,Mak Mandin,SCANIA K270 12
980,WVP2448,Maluri,MAN
981,WUW1480,Maluri,SCANIA K270
982,VG8654,MRT Sungai Buloh,VOLVO MRT
983,PLP9146,Nibong Tebal,SCANIA K250 B
984,WA2691M,Shah Alam,SCANIA K250 A
985,WB5651H,Shah Alam,SCANIA K250 A
986,W4700V,Shah Alam,SCANIA K250 B
987,WVA3032,Shah Alam,SCANIA K270
988,PLA7459,Sungai Nibong,SCANIA K250
989,PJJ4743,Balik Pulau,SCANIA K270 10
990,WB5429U,Maluri,ALEXANDER DENNIS E500
991,VAF5430,MRT Kajang,SCANIA K250 MRT
992,VAG8053,MRT Kajang,SCANIA K250 MRT
993,VH2494,MRT Serdang,SCANIA K250 MRT
994,VH2687,MRT Serdang,SCANIA K250 MRT
995,VG8715,MRT Sungai Buloh,VOLVO MRT
996,PJL9432,Nibong Tebal,SCANIA K270 10
997,WB8092M,Shah Alam,SCANIA K250 A
998,PKY1281,Sungai Nibong,SCANIA K250
999,PJL9082,Weld Quay,SCANIA K270 10
1000,WB4906V,Cheras Selatan,SCANIA K250 A
1001,PLV2917,Mak Mandin,SCANIA K250 A
1002,WC2139N,Shah Alam,ALEXANDER DENNIS E200
1003,VH1552,MRT Sungai Buloh,VOLVO MRT
1004,PLN4507,Mak Mandin,SCANIA K250 B
1005,WVA3050,Maluri,SCANIA K270
1006,WB3596Q,Batu Caves,ALEXANDER DENNIS E200
1007,WB7246P,Batu Caves,SCANIA K250 A
1008,WB872U,Cheras Selatan,SCANIA K250 A
1009,W4958R,Cheras Selatan,SCANIA K250 B
1010,WVB7345,Maluri,SCANIA K270
1011,VH2537,MRT Serdang,SCANIA K250 MRT
1012,WVE5835,Shah Alam,SCANIA K270
1013,WVE5102,Batu Caves,MAN
1014,WUW1483,Batu Caves,SCANIA K270
1015,WPX622,Cheras Selatan,VOLVO SD B7RLE
1016,PJK2739,Mak Mandin,SCANIA K270 10
1017,WVJ8196,Maluri,MAN
1018,VGH3094,Maluri,VOLVO DD B8L
1019,VX2897,MRT Kajang,SCANIA K250 MRT
1020,VK2684,MRT Serdang,SCANIA K250 MRT
1021,VAJ2857,MRT Sungai Buloh,VOLVO MRT
1022,WC4436C,Putrajaya,ALEXANDER DENNIS E200
1023,WB870L,Shah Alam,SCANIA K250 A
1024,VFJ376,Shah Alam,VOLVO DD B8L
1025,PLQ4404,Balik Pulau,SCANIA K250 B
1026,WVB5772,Batu Caves,KING LONG IC 100
1027,WB5708Q,Batu Caves,SCANIA K250 A
1028,BNG4112,BRT Sunway,BUILD YOUR DREAM
1029,WB8625F,Cheras Selatan,SCANIA K250 A
1030,VAG4673,MRT Kajang,SCANIA K250 MRT
1031,VAG4722,MRT Kajang,SCANIA K250 MRT
1032,W1048S,Shah Alam,SCANIA K250 B
1033,PLV1635,Sungai Nibong,SCANIA K250 A
1034,WVP2546,Batu Caves,MAN
1035,WB2434Q,Cheras Selatan,SCANIA K250 A
1036,PLV2773,Mak Mandin,SCANIA K250 A
1037,VAF7116,MRT Kajang,SCANIA K250 MRT
1038,VG6519,MRT Sungai Buloh,VOLVO MRT
1039,WC2145N,Shah Alam,ALEXANDER DENNIS E200
1040,WUT8479,Shah Alam,SCANIA K270
1041,WVH9704,Batu Caves,SCANIA K270
1042,PLW5953,Mak Mandin,SCANIA K250 A
1043,VG8769,MRT Sungai Buloh,VOLVO MRT
1044,VH1373,MRT Sungai Buloh,VOLVO MRT
1045,VH4107,MRT Sungai Buloh,VOLVO MRT
1046,PLP9142,Nibong Tebal,SCANIA K250 B
1047,WUW4140,Shah Alam,SCANIA K270
1048,PLA7457,Tanjung Bungah,SCANIA K250
1049,WVH7650,Batu Caves,MAN
1050,WUW4733,Shah Alam,SCANIA K270
1051,WVC6468,Shah Alam,SCANIA K270
1052,PLA7450,Tanjung Bungah,SCANIA K250
1053,WB5709U,Academy,ALEXANDER DENNIS E200
1054,WUU6736,Batu Caves,KING LONG IC 100
1055,PJF1353,Mak Mandin,SCANIA K270 12
1056,PJF1361,Mak Mandin,SCANIA K270 12
1057,VM1897,MRT Kajang,SCANIA K250 MRT
1058,WC657F,Putrajaya,ALEXANDER DENNIS E200
1059,PLA2946,Sungai Nibong,SCANIA K250
1060,PLQ2152,Sungai Nibong,SCANIA K250 B
1061,PJJ3372,Tanjung Bungah,SCANIA K270 10
1062,WB3150B,Cheras Selatan,SCANIA K250 A
1063,WB8441H,Cheras Selatan,SCANIA K250 A
1064,W5623V,Cheras Selatan,SCANIA K250 B
1065,WPX645,Cheras Selatan,VOLVO SD B7RLE
1066,PLV1714,Mak Mandin,SCANIA K250 A
1067,PLV3067,Mak Mandin,SCANIA K250 A
1068,PLW5841,Mak Mandin,SCANIA K250 A
1069,PLQ2092,Mak Mandin,SCANIA K250 B
1070,WVP2536,Maluri,MAN
1071,WUW4126,Maluri,SCANIA K270
1072,VEN6093,Maluri,VOLVO DD B8L
1073,VK6274,MRT Serdang,SCANIA K250 MRT
1074,VH1382,MRT Sungai Buloh,VOLVO MRT
1075,VH4586,MRT Sungai Buloh,VOLVO MRT
1076,WB3615M,Putrajaya,ALEXANDER DENNIS E200
1077,WC4899G,Putrajaya,ALEXANDER DENNIS E200
1078,W7442Q,Shah Alam,SCANIA K250 B
1079,WVA2977,Shah Alam,SCANIA K270
1080,WVN7823,Batu Caves,MAN
1081,WVH7912,Cheras Selatan,MAN
1082,VER7242,Maluri,VOLVO DD B8L
1083,VH2675,MRT Kajang,SCANIA K250 MRT
1084,VAG4703,MRT Serdang,SCANIA K250 MRT
1085,VX2864,MRT Serdang,SCANIA K250 MRT
1086,VAE7463,MRT Sungai Buloh,VOLVO MRT
1087,VAF5743,MRT Sungai Buloh,VOLVO MRT
1088,VAF5766,MRT Sungai Buloh,VOLVO MRT
1089,WC5496J,Putrajaya,ALEXANDER DENNIS E200
1090,WA3244L,Shah Alam,SCANIA K250 A
1091,WVD4945,Batu Caves,KING LONG IC 100
1092,WVE5056,Batu Caves,MAN
1093,WVG3401,Batu Caves,SCANIA K270
1094,VEW7052,Maluri,VOLVO DD B8L
1095,VAG4730,MRT Kajang,SCANIA K250 MRT
1096,VX2960,MRT Serdang,SCANIA K250 MRT
1097,VH4992,MRT Sungai Buloh,VOLVO MRT
1098,CDH8296,Shah Alam,SCANIA K250
1099,PKX3342,Sungai Nibong,SCANIA K250
1100,PLT2714,Sungai Nibong,SCANIA K250 A
1101,PLU3896,Sungai Nibong,SCANIA K250 A
1102,WB4472S,Batu Caves,ALEXANDER DENNIS E200
1103,BNG4106,BRT Sunway,BUILD YOUR DREAM
1104,PLQ2140,Mak Mandin,SCANIA K250 B
1105,PLP9054,Nibong Tebal,SCANIA K250 B
1106,BNG4101,BRT Sunway,BUILD YOUR DREAM
1107,WVN7805,Cheras Selatan,MAN
1108,VGG9462,Cheras Selatan,VOLVO DD B8L
1109,VGH1474,Cheras Selatan,VOLVO DD B8L
1110,VGH3130,Cheras Selatan,VOLVO DD B8L
1111,VGH4670,Cheras Selatan,VOLVO DD B8L
1112,VGJ8252,Cheras Selatan,VOLVO DD B8L
1113,VGJ8959,Cheras Selatan,VOLVO DD B8L
1114,PJF2907,Mak Mandin,SCANIA K270 10
1115,WVH7683,Maluri,MAN
1116,VH2491,MRT Serdang,SCANIA K250 MRT
1117,WVF1376,MRT Serdang,SCANIA K270
1118,WVF1586,MRT Serdang,SCANIA K270
1119,WB1032K,Shah Alam,ALEXANDER DENNIS E200
1120,WVA3152,Shah Alam,SCANIA K270
1121,PJF2934,Shah Alam,SCANIA K270 10
1122,PJL9764,Sungai Nibong,SCANIA K270 10
1123,WUU6742,Batu Caves,KING LONG IC 100
1124,WUX5618,Batu Caves,KING LONG IC 100
1125,WUY9497,Batu Caves,KING LONG IC 100
1126,WVC3917,Batu Caves,KING LONG IC 100
1127,WVC4291,Batu Caves,KING LONG IC 100
1128,WB5780Q,Batu Caves,SCANIA K250 A
1129,WB6510S,Batu Caves,SCANIA K250 A
1130,W7486Q,Batu Caves,SCANIA K250 B
1131,WVD4028,Batu Caves,SCANIA K270
1132,WVH9804,Batu Caves,SCANIA K270
1133,VFF9422,Batu Caves,VOLVO DD B8L
1134,WA9451M,Cheras Selatan,SCANIA K250 A
1135,WA9479M,Cheras Selatan,SCANIA K250 A
1136,WB4638T,Cheras Selatan,SCANIA K250 A
1137,WB4788V,Cheras Selatan,SCANIA K250 A
1138,WB807U,Cheras Selatan,SCANIA K250 A
1139,WB863U,Cheras Selatan,SCANIA K250 A
1140,W2480S,Cheras Selatan,SCANIA K250 B
1141,W7358S,Cheras Selatan,SCANIA K250 B
1142,WPW8156,Cheras Selatan,VOLVO SD B7RLE
1143,PJJ364,Mak Mandin,SCANIA K270 10
1144,PJJ354,Mak Mandin,SCANIA K270 12
1145,WB480G,Maluri,ALEXANDER DENNIS E500
1146,WVJ1049,Maluri,MAN
1147,WVL617,Maluri,MAN
1148,WVN5617,Maluri,MAN
1149,WVG3625,Maluri,SCANIA K270
1150,VEU6297,Maluri,VOLVO DD B8L
1151,VEU6298,Maluri,VOLVO DD B8L
1152,VEX3764,Maluri,VOLVO DD B8L
1153,VFA2791,Maluri,VOLVO DD B8L
1154,VFB9851,Maluri,VOLVO DD B8L
1155,VFH8704,Maluri,VOLVO DD B8L
1156,VFJ4933,Maluri,VOLVO DD B8L
1157,VAG4680,MRT Kajang,SCANIA K250 MRT
1158,VAJ3412,MRT Kajang,SCANIA K250 MRT
1159,VH3745,MRT Kajang,SCANIA K250 MRT
1160,VK2947,MRT Kajang,SCANIA K250 MRT
1161,VK6295,MRT Kajang,SCANIA K250 MRT
1162,VAE7340,MRT Serdang,SCANIA K250 MRT
1163,VAF5250,MRT Serdang,SCANIA K250 MRT
1164,VAF6417,MRT Serdang,SCANIA K250 MRT
1165,VH2055,MRT Serdang,SCANIA K250 MRT
1166,VH2514,MRT Serdang,SCANIA K250 MRT
1167,VH2542,MRT Serdang,SCANIA K250 MRT
1168,VH3593,MRT Serdang,SCANIA K250 MRT
1169,VK2852,MRT Serdang,SCANIA K250 MRT
1170,VK2934,MRT Serdang,SCANIA K250 MRT
1171,VX2919,MRT Serdang,SCANIA K250 MRT
1172,WVH6177,MRT Serdang,SCANIA K270
1173,VG8742,MRT Serdang,VOLVO MRT
1174,VAC5791,MRT Sungai Buloh,VOLVO MRT
1175,VAF5762,MRT Sungai Buloh,VOLVO MRT
1176,VAH9154,MRT Sungai Buloh,VOLVO MRT
1177,VAJ1570,MRT Sungai Buloh,VOLVO MRT
1178,VAJ2854,MRT Sungai Buloh,VOLVO MRT
1179,VAJ2876,MRT Sungai Buloh,VOLVO MRT
1180,VAJ8965,MRT Sungai Buloh,VOLVO MRT
1181,VAJ9068,MRT Sungai Buloh,VOLVO MRT
1182,VAJ9136,MRT Sungai Buloh,VOLVO MRT
1183,VAK1034,MRT Sungai Buloh,VOLVO MRT
1184,VAK1045,MRT Sungai Buloh,VOLVO MRT
1185,VAK950,MRT Sungai Buloh,VOLVO MRT
1186,VAK967,MRT Sungai Buloh,VOLVO MRT
1187,VG6477,MRT Sungai Buloh,VOLVO MRT
1188,VG6480,MRT Sungai Buloh,VOLVO MRT
1189,VG8630,MRT Sungai Buloh,VOLVO MRT
1190,VG8748,MRT Sungai Buloh,VOLVO MRT
1191,VG8765,MRT Sungai Buloh,VOLVO MRT
1192,VG8794,MRT Sungai Buloh,VOLVO MRT
1193,VG8849,MRT Sungai Buloh,VOLVO MRT
1194,VG8904,MRT Sungai Buloh,VOLVO MRT
1195,VG8934,MRT Sungai Buloh,VOLVO MRT
1196,VH4057,MRT Sungai Buloh,VOLVO MRT
1197,VH4961,MRT Sungai Buloh,VOLVO MRT
1198,PLW2757,Nibong Tebal,SCANIA K250 A
1199,WC4206F,Putrajaya,ALEXANDER DENNIS E200
1200,PLA2875,Shah Alam,SCANIA K250
1201,WA3578N,Shah Alam,SCANIA K250 A
1202,WB1052P,Shah Alam,SCANIA K250 A
1203,WB3185B,Shah Alam,SCANIA K250 A
1204,WB3406N,Shah Alam,SCANIA K250 A
1205,WB4408N,Shah Alam,SCANIA K250 A
1206,WB9341D,Shah Alam,SCANIA K250 A
1207,WVD4692,Shah Alam,SCANIA K270
1208,WVD4789,Shah Alam,SCANIA K270
1209,WVH6287,Shah Alam,SCANIA K270
1210,WVH9592,Shah Alam,SCANIA K270
1211,PLL7307,Sungai Nibong,SCANIA K250
1212,WVC3514,Cheras Selatan,MAN
1213,WB2419Q,Cheras Selatan,SCANIA K250 A
1214,PJJ7221,Mak Mandin,SCANIA K270 10
1215,WWB5386,Maluri,HINO SKS
1216,VEN1373,Maluri,VOLVO DD B8L
1217,VAF5461,MRT Kajang,SCANIA K250 MRT
1218,VAE7196,MRT Serdang,SCANIA K250 MRT
1219,VH4919,MRT Sungai Buloh,VOLVO MRT
1220,WB7852P,Putrajaya,ALEXANDER DENNIS E200
1221,PJH6028,Sungai Nibong,SCANIA K270 10
1222,VH4652,MRT Sungai Buloh,VOLVO MRT
1223,PJF8344,Weld Quay,SCANIA K270 10
1224,WB5632Q,Batu Caves,SCANIA K250 A
1225,WC5517J,Shah Alam,ALEXANDER DENNIS E200
1226,PLT2720,Sungai Nibong,SCANIA K250 A
1227,PJL9105,Sungai Nibong,SCANIA K270 10
1228,VAF7157,MRT Kajang,SCANIA K250 MRT
1229,WUW9687,MRT Serdang,SCANIA K270
1230,WB3481N,Shah Alam,SCANIA K250 A
1231,WVN5432,Batu Caves,MAN
1232,W9423Q,Batu Caves,SCANIA K250 B
1233,WUW4146,Batu Caves,SCANIA K270
1234,PKX3375,Mak Mandin,SCANIA K250
1235,WVC3470,Maluri,MAN
1236,WB5648U,Shah Alam,ALEXANDER DENNIS E200
1237,WB4389E,Shah Alam,SCANIA K250 A
1238,PJF8334,Sungai Nibong,SCANIA K270 10
1239,WPX1370,Cheras Selatan,VOLVO SD B7RLE
1240,WVJ8244,Maluri,MAN
1241,WUU6027,Maluri,SCANIA K270
1242,VFH8560,Maluri,VOLVO DD B8L
1243,VAF5904,MRT Sungai Buloh,VOLVO MRT
1244,WVF1541,Shah Alam,SCANIA K270
1245,WVG3245,Shah Alam,SCANIA K270
1246,PJL9130,Balik Pulau,SCANIA K270 10
1247,WB4708V,Cheras Selatan,SCANIA K250 A
1248,WPV6735,Cheras Selatan,VOLVO SD B7RLE
1249,PLQ2127,Mak Mandin,SCANIA K250 B
1250,VAC5773,MRT Sungai Buloh,VOLVO MRT
1251,VAJ2869,MRT Sungai Buloh,VOLVO MRT
1252,WC7259F,Putrajaya,ALEXANDER DENNIS E200
1253,PJJ1907,Tanjung Bungah,SCANIA K270 10
1254,WPV4541,Cheras Selatan,VOLVO SD B7RLE
1255,WPV6571,Cheras Selatan,VOLVO SD B7RLE
1256,WVN5492,Maluri,MAN
1257,VAE7157,MRT Kajang,SCANIA K250 MRT
1258,W9762Q,Shah Alam,SCANIA K250 B
1259,WVD2086,Shah Alam,SCANIA K270
1260,PLW2703,Sungai Nibong,SCANIA K250 A
1261,PJG6773,Sungai Nibong,SCANIA K270 10
1262,WB5064K,Batu Caves,ALEXANDER DENNIS E200
1263,WB7516B,Cheras Selatan,SCANIA K250 A
1264,VH4318,MRT Sungai Buloh,VOLVO MRT
1265,PJL9413,Sungai Nibong,SCANIA K270 10
1266,WB9421J,Batu Caves,ALEXANDER DENNIS E200
1267,WVD4758,Batu Caves,KING LONG IC 100
1268,PJJ4937,Mak Mandin,SCANIA K270 12
1269,WA4539M,Shah Alam,SCANIA K250 A
1270,WVD4166,Shah Alam,SCANIA K270
1271,PLV2768,Sungai Nibong,SCANIA K250 A
1272,WC4439C,Batu Caves,ALEXANDER DENNIS E200
1273,WC7081H,Shah Alam,ALEXANDER DENNIS E200
1274,W5331R,Shah Alam,SCANIA K250 B
1275,WB4987K,Batu Caves,ALEXANDER DENNIS E200
1276,WVL592,Batu Caves,MAN
1277,WB654L,Cheras Selatan,SCANIA K250 A
1278,WPV4598,Cheras Selatan,VOLVO SD B7RLE
1279,PJJ4721,Mak Mandin,SCANIA K270 10
1280,VEP2260,Maluri,VOLVO DD B8L
1281,VAG4709,MRT Kajang,SCANIA K250 MRT
1282,VAC5778,MRT Sungai Buloh,VOLVO MRT
1283,VH4683,MRT Sungai Buloh,VOLVO MRT
1284,PLQ4449,Sungai Nibong,SCANIA K250 B
1285,PJF8312,Sungai Nibong,SCANIA K270 10
1286,PJH2920,Sungai Nibong,SCANIA K270 10
1287,BNG4102,BRT Sunway,BUILD YOUR DREAM
1288,WVC2558,Maluri,MAN
1289,VFA2793,Maluri,VOLVO DD B8L
1290,VAG8054,MRT Kajang,SCANIA K250 MRT
1291,VAH9043,MRT Sungai Buloh,VOLVO MRT
1292,PKY1289,Tanjung Bungah,SCANIA K250
1293,PJM133,Balik Pulau,SCANIA K270 10
1294,PJJ4761,Mak Mandin,SCANIA K270 12
1295,PJL9255,Sungai Nibong,SCANIA K270 10
1296,PKY1266,Tanjung Bungah,SCANIA K250
1297,WUT8490,Academy,SCANIA K270
1298,PJL9143,Balik Pulau,SCANIA K270 10
1299,WVJ861,Maluri,MAN
1300,VAG4892,MRT Sungai Buloh,VOLVO MRT
1301,WUW8426,Batu Caves,KING LONG IC 100
1302,BNG4110,BRT Sunway,BUILD YOUR DREAM
1303,WB864U,Cheras Selatan,SCANIA K250 A
1304,VAG8058,MRT Kajang,SCANIA K250 MRT
1305,VX3578,MRT Kajang,SCANIA K250 MRT
1306,CDH8332,Shah Alam,SCANIA K250
1307,WVH1852,Batu Caves,SCANIA K270
1308,PJJ3310,Batu Caves,SCANIA K270 10
1309,PJJ1894,Batu Caves,SCANIA K270 12
1310,WVF1692,Maluri,SCANIA K270
1311,VAF5746,MRT Sungai Buloh,VOLVO MRT
1312,VG6514,MRT Sungai Buloh,VOLVO MRT
1313,WB8909J,Putrajaya,ALEXANDER DENNIS E200
1314,WB7809B,Shah Alam,SCANIA K250 A
1315,PJK2652,Weld Quay,SCANIA K270 10
1316,PJH265,Balik Pulau,SCANIA K270 10
1317,WQR7071,Cheras Selatan,VOLVO SD B7RLE
1318,WVH1469,Maluri,SCANIA K270
1319,VH2534,MRT Serdang,SCANIA K250 MRT
1320,VK6448,MRT Serdang,SCANIA K250 MRT
1321,VAJ6259,MRT Sungai Buloh,VOLVO MRT
1322,WB7413B,Shah Alam,SCANIA K250 A
1323,PLN3487,Sungai Nibong,SCANIA K250 B
1324,WUY9534,Batu Caves,KING LONG IC 100
1325,WVC1862,Batu Caves,KING LONG IC 100
1326,VGF8475,Cheras Selatan,VOLVO DD B8L
1327,VH3697,MRT Kajang,SCANIA K250 MRT
1328,VM1879,MRT Kajang,SCANIA K250 MRT
1329,PLV2751,Nibong Tebal,SCANIA K250 A
1330,WVB4123,Batu Caves,KING LONG IC 100
1331,WVC3505,Batu Caves,MAN
1332,WVN5601,Batu Caves,MAN
1333,PJH6073,Mak Mandin,SCANIA K270 12
1334,WVB2592,Maluri,MAN
1335,VK2655,MRT Serdang,SCANIA K250 MRT
1336,PJJ347,Sungai Nibong,SCANIA K270 10
1337,PLA7470,Weld Quay,SCANIA K250
1338,WVA4371,Batu Caves,KING LONG IC 100
1339,PLV4573,Mak Mandin,SCANIA K250 A
1340,WB5418X,Putrajaya,ALEXANDER DENNIS E200
1341,WUW8437,Batu Caves,KING LONG IC 100
1342,BNG4111,BRT Sunway,BUILD YOUR DREAM
1343,PJJ6050,Sungai Nibong,SCANIA K270 10
1344,WVJ8227,Batu Caves,MAN
1345,WVE5761,Batu Caves,SCANIA K270
1346,WPX4405,Cheras Selatan,VOLVO SD B7RLE
1347,VAE7593,MRT Kajang,SCANIA K250 MRT
1348,PJG1012,MRT Serdang,SCANIA K270 10
1349,PKX3178,Sungai Nibong,SCANIA K250
1350,PJG1015,Sungai Nibong,SCANIA K270 10
1351,WVN5571,Maluri,MAN
1352,VM1907,MRT Kajang,SCANIA K250 MRT
1353,VG8593,MRT Sungai Buloh,VOLVO MRT
1354,VH4307,MRT Sungai Buloh,VOLVO MRT
1355,PLV1729,Sungai Nibong,SCANIA K250 A
1356,VFB2440,Batu Caves,VOLVO DD B8L
1357,WVG2269,Maluri,MAN
1358,WVN7842,Maluri,MAN
1359,VAC5751,MRT Sungai Buloh,VOLVO MRT
1360,PKY1274,Shah Alam,SCANIA K250
1361,CDH7530,Sungai Nibong,SCANIA K250
1362,VFA9781,Batu Caves,VOLVO DD B8L
1363,WVG2290,Maluri,MAN
1364,WVN5622,Maluri,MAN
1365,PLX8502,Nibong Tebal,SCANIA K250 A
1366,PLP9114,Nibong Tebal,SCANIA K250 B
1367,WVF1352,Shah Alam,SCANIA K270
1368,PKX3373,Sungai Nibong,SCANIA K250
1369,PLL7263,Sungai Nibong,SCANIA K250
1370,PLU4044,Sungai Nibong,SCANIA K250 A
1371,PLL7194,Weld Quay,SCANIA K250
1372,PJJ4723,Balik Pulau,SCANIA K270 10
1373,WPW5413,Cheras Selatan,VOLVO SD B7RLE
1374,WVE4816,Maluri,MAN
1375,VH4046,MRT Kajang,SCANIA K250 MRT
1376,VH4044,MRT Sungai Buloh,VOLVO MRT
1377,WVG7158,Shah Alam,SCANIA K270
1378,VFA9765,Batu Caves,VOLVO DD B8L
1379,WVN5644,Maluri,MAN
1380,VH2044,MRT Serdang,SCANIA K250 MRT
1381,PLQ2132,Sungai Nibong,SCANIA K250 B
1382,WVG2370,Maluri,MAN
1383,PLT2675,Sungai Nibong,SCANIA K250 A
1384,PKY1286,Tanjung Bungah,SCANIA K250
1385,PLA2957,Weld Quay,SCANIA K250
1386,WUW1664,Batu Caves,KING LONG IC 100
1387,WVC4189,Batu Caves,KING LONG IC 100
1388,WVN5489,Batu Caves,MAN
1389,WB4658T,Cheras Selatan,SCANIA K250 A
1390,WUY4098,Cheras Selatan,SCANIA K270
1391,PLV2904,Mak Mandin,SCANIA K250 A
1392,WVJ1031,Maluri,MAN
1393,PLX8394,Nibong Tebal,SCANIA K250 A
1394,PLT2717,Sungai Nibong,SCANIA K250 A
1395,WUU6734,Batu Caves,KING LONG IC 100
1396,WUW1702,Batu Caves,KING LONG IC 100
1397,WVE4734,Cheras Selatan,MAN
1398,WA7507M,Shah Alam,SCANIA K250 A
1399,WB8354K,Shah Alam,SCANIA K250 A
1400,PJJ216,Sungai Nibong,SCANIA K270 10
1401,WC4657H,Batu Caves,ALEXANDER DENNIS E200
1402,PJL9183,Batu Caves,SCANIA K270 10
1403,WVH7935,Cheras Selatan,MAN
1404,VH3738,MRT Kajang,SCANIA K250 MRT
1405,WVG5323,Shah Alam,SCANIA K270
1406,PKX3428,Sungai Nibong,SCANIA K250
1407,PLN9347,Balik Pulau,SCANIA K250
1408,PJM166,Mak Mandin,SCANIA K270 10
1409,WUU6043,Batu Caves,SCANIA K270
1410,PJH4792,Cheras Selatan,SCANIA K270 10
1411,PLW5920,Mak Mandin,SCANIA K250 A
1412,PJL9137,Mak Mandin,SCANIA K270 10
1413,WA1349G,Shah Alam,SCANIA K250 B
1414,PJG4300,Sungai Nibong,SCANIA K270 10
1415,PJH6076,Weld Quay,SCANIA K270 10
1416,WB7284P,Batu Caves,SCANIA K250 A
1417,VGH4658,Cheras Selatan,VOLVO DD B8L
1418,WVJ1046,Maluri,MAN
1419,WVD3294,Shah Alam,SCANIA K270
1420,PJK2722,Sungai Nibong,SCANIA K270 10
1421,WUW8422,Batu Caves,KING LONG IC 100
1422,WVP2467,Batu Caves,MAN
1423,VFG2084,Batu Caves,VOLVO DD B8L
1424,WVN7817,Maluri,MAN
1425,VEN6127,Maluri,VOLVO DD B8L
1426,VAF5442,MRT Kajang,SCANIA K250 MRT
1427,VK2853,MRT Serdang,SCANIA K250 MRT
1428,VH4221,MRT Sungai Buloh,VOLVO MRT
1429,WVH1277,Shah Alam,SCANIA K270
1430,PLQ2279,Sungai Nibong,SCANIA K250 B
1431,PLL7270,Balik Pulau,SCANIA K250
1432,WC5704J,Batu Caves,ALEXANDER DENNIS E200
1433,WUY1426,Batu Caves,KING LONG IC 100
1434,WVG2450,Batu Caves,MAN
1435,WVN7792,Batu Caves,MAN
1436,PJL9066,Mak Mandin,SCANIA K270 10
1437,VM1930,MRT Kajang,SCANIA K250 MRT
1438,VAG4750,MRT Serdang,SCANIA K250 MRT
1439,VX2856,MRT Serdang,SCANIA K250 MRT
1440,VX2890,MRT Serdang,SCANIA K250 MRT
1441,VAF5738,MRT Sungai Buloh,VOLVO MRT
1442,VAG4871,MRT Sungai Buloh,VOLVO MRT
1443,VH4335,MRT Sungai Buloh,VOLVO MRT
1444,WB5366X,Putrajaya,ALEXANDER DENNIS E200
1445,WB985K,Putrajaya,ALEXANDER DENNIS E200
1446,WB2749T,Shah Alam,SCANIA K250 A
1447,WUY4101,Shah Alam,SCANIA K270
1448,PJH4862,Sungai Nibong,SCANIA K270 12
1449,PLA2968,Tanjung Bungah,SCANIA K250
1450,PLN4522,Mak Mandin,SCANIA K250 B
1451,PJH148,Mak Mandin,SCANIA K270 10
1452,WVH7743,Maluri,MAN
1453,VH1579,MRT Sungai Buloh,VOLVO MRT
1454,WC7250F,Putrajaya,ALEXANDER DENNIS E200
1455,WVD3298,Shah Alam,SCANIA K270
1456,PKX3372,Sungai Nibong,SCANIA K250
1457,VFE4087,Batu Caves,VOLVO DD B8L
1458,VGJ1940,Cheras Selatan,VOLVO DD B8L
1459,VH1570,MRT Sungai Buloh,VOLVO MRT
1460,WPV4564,Cheras Selatan,VOLVO SD B7RLE
1461,PLW5931,Nibong Tebal,SCANIA K250 A
1462,PLV4581,Mak Mandin,SCANIA K250 A
1463,WB6461M,Batu Caves,SCANIA K250 A
1464,WVH1574,Batu Caves,SCANIA K270
1465,PJJ4922,Batu Caves,SCANIA K270 12
1466,WB2592Q,Shah Alam,SCANIA K250 A
1467,WVD4738,Shah Alam,SCANIA K270
1468,PLA2923,Sungai Nibong,SCANIA K250
1469,PLW2700,Sungai Nibong,SCANIA K250 A
1470,VEQ6895,Maluri,VOLVO DD B8L
1471,CDH5961,MRT Serdang,SCANIA K250
1472,VAF5756,MRT Sungai Buloh,VOLVO MRT
1473,VH4081,MRT Sungai Buloh,VOLVO MRT
1474,WVB5889,Batu Caves,KING LONG IC 100
1475,WVB3694,Batu Caves,MAN
1476,BNG4108,BRT Sunway,BUILD YOUR DREAM
1477,WB2225C,Cheras Selatan,SCANIA K250 A
1478,PLV3057,Mak Mandin,SCANIA K250 A
1479,VFA5163,Maluri,VOLVO DD B8L
1480,VH4356,MRT Sungai Buloh,VOLVO MRT
1481,PKX3307,Sungai Nibong,SCANIA K250
1482,WVH7696,Batu Caves,MAN
1483,VFH1859,Batu Caves,VOLVO DD B8L
1484,CDH7752,MRT Serdang,SCANIA K250
1485,VH4925,MRT Sungai Buloh,VOLVO MRT
1486,WVD2187,Shah Alam,SCANIA K270
1487,PJL9503,Sungai Nibong,SCANIA K270 10
1488,PKX3402,Balik Pulau,SCANIA K250
1489,VFH8627,Batu Caves,VOLVO DD B8L
1490,WB1917U,Cheras Selatan,SCANIA K250 A
1491,VG8755,MRT Sungai Buloh,VOLVO MRT
1492,PJJ240,Weld Quay,SCANIA K270 10
1493,WUU6711,Batu Caves,KING LONG IC 100
1494,PLA2975,Tanjung Bungah,SCANIA K250
1495,WPX2474,Cheras Selatan,VOLVO SD B7RLE
1496,PLQ2263,Sungai Nibong,SCANIA K250 B
1497,PJK2762,Mak Mandin,SCANIA K270 10
1498,PJJ1926,Mak Mandin,SCANIA K270 12
1499,WVJ8197,Maluri,MAN
1500,VFH1693,Maluri,VOLVO DD B8L
1501,PJH6059,Sungai Nibong,SCANIA K270 10
1502,WVL693,Batu Caves,MAN
1503,PLP9150,Mak Mandin,SCANIA K250 B
1504,PMQ2578,Sungai Nibong,ALEXANDER DENNIS E500
1505,PLW2743,Sungai Nibong,SCANIA K250 A
1506,PJJ4706,Sungai Nibong,SCANIA K270 10
1507,PJL9394,Sungai Nibong,SCANIA K270 10
1508,W5380Q,Batu Caves,SCANIA K250 B
1509,VG6529,MRT Serdang,VOLVO MRT
1510,VH4643,MRT Sungai Buloh,VOLVO MRT
1511,PLP9074,Nibong Tebal,SCANIA K250 B
1512,PJJ169,Sungai Nibong,SCANIA K270 10
1513,PKX3280,Balik Pulau,SCANIA K250
1514,BNG4015,BRT Sunway,BUILD YOUR DREAM
1515,VAE7164,MRT Kajang,SCANIA K250 MRT
1516,VAL4552,MRT Sungai Buloh,VOLVO MRT
1517,WUW9721,Shah Alam,SCANIA K270
1518,VH4964,MRT Sungai Buloh,VOLVO MRT
1519,WVC6647,Maluri,MAN
1520,W4981R,Maluri,SCANIA K250 B
1521,W5164V,Maluri,SCANIA K250 B
1522,WPX6950,Maluri,VOLVO SD B7RLE
1523,VAF7146,MRT Kajang,SCANIA K250 MRT
1524,VK2906,MRT Kajang,SCANIA K250 MRT
1525,VH4557,MRT Serdang,VOLVO MRT
1526,WVD3307,Shah Alam,SCANIA K270
1527,PKX3461,Mak Mandin,SCANIA K250
1528,WB3552P,Putrajaya,ALEXANDER DENNIS E200
1529,WB2480T,Shah Alam,SCANIA K250 A
1530,VGN2850,Cheras Selatan,VOLVO DD B8L
1531,WPV6279,Cheras Selatan,VOLVO SD B7RLE
1532,PLP9059,Mak Mandin,SCANIA K250 B
1533,VG8643,MRT Sungai Buloh,VOLVO MRT
1534,PJL9994,Sungai Nibong,SCANIA K270 10
1535,VGJ8310,Cheras Selatan,VOLVO DD B8L
1536,PLT2723,Sungai Nibong,SCANIA K250 A
1537,PLA2982,Weld Quay,SCANIA K250
1538,WPX6907,Cheras Selatan,VOLVO SD B7RLE
1539,WVA4347,Batu Caves,KING LONG IC 100
1540,WB3685M,Cheras Selatan,ALEXANDER DENNIS E200
1541,WVJ8274,Cheras Selatan,MAN
1542,VEN634,Maluri,VOLVO DD B8L
1543,VAG4890,MRT Serdang,VOLVO MRT
1544,WVB3795,Batu Caves,MAN
1545,VH4108,MRT Kajang,SCANIA K250 MRT
1546,VG8597,MRT Sungai Buloh,VOLVO MRT
1547,WUU6042,Shah Alam,SCANIA K270
1548,WC4013G,Batu Caves,ALEXANDER DENNIS E200
1549,WUW8425,Batu Caves,KING LONG IC 100
1550,WPV9401,Cheras Selatan,VOLVO SD B7RLE
1551,PLN4500,Mak Mandin,SCANIA K250 B
1552,VAF5480,MRT Kajang,SCANIA K250 MRT
1553,VX3625,MRT Kajang,SCANIA K250 MRT
1554,VAG4876,MRT Sungai Buloh,VOLVO MRT
1555,VAJ2852,MRT Sungai Buloh,VOLVO MRT
1556,VAK1014,MRT Sungai Buloh,VOLVO MRT
1557,WC3852G,Shah Alam,ALEXANDER DENNIS E200
1558,PKX3295,Sungai Nibong,SCANIA K250
1559,PLT9149,Sungai Nibong,SCANIA K250 A
1560,PJJ3324,Sungai Nibong,SCANIA K270 10
1561,PJJ6130,Sungai Nibong,SCANIA K270 10
1562,PLA2920,Weld Quay,SCANIA K250
1563,WUW4137,Cheras Selatan,SCANIA K270
1564,VGJ8334,Cheras Selatan,VOLVO DD B8L
1565,WPW8179,Cheras Selatan,VOLVO SD B7RLE
1566,VGJ1946,Cheras Selatan,VOLVO DD B8L
1567,VGJ8319,Cheras Selatan,VOLVO DD B8L
1568,VH2557,MRT Serdang,SCANIA K250 MRT
1569,PJL9486,Nibong Tebal,SCANIA K270 10
1570,WPX5259,Cheras Selatan,VOLVO SD B7RLE
1571,VFH1782,Maluri,VOLVO DD B8L
1572,WUT8501,Shah Alam,SCANIA K270
1573,BNG4113,BRT Sunway,BUILD YOUR DREAM
1574,WVN5539,Cheras Selatan,MAN
1575,W7970S,Maluri,SCANIA K250 B
1576,VGH4668,Shah Alam,VOLVO DD B8L
1577,PJH4739,Sungai Nibong,SCANIA K270 10
1578,WB1024K,Cheras Selatan,ALEXANDER DENNIS E200
1579,VGK8931,Maluri,VOLVO DD B8L
1580,WVA5861,Batu Caves,KING LONG IC 100
1581,WVJ1043,Cheras Selatan,MAN
1582,PKY1270,Tanjung Bungah,SCANIA K250
1583,WUY9577,Batu Caves,KING LONG IC 100
1584,VFG4136,Batu Caves,VOLVO DD B8L
1585,VAF691,MRT Sungai Buloh,VOLVO MRT
1586,CDH2336,Shah Alam,SCANIA K250
1587,PLA7455,Sungai Nibong,SCANIA K250
1588,BNG4204,BRT Sunway,BUILD YOUR DREAM
1589,PJM153,Mak Mandin,SCANIA K270 10
1590,VK2971,MRT Serdang,SCANIA K250 MRT
1591,HWD4776,Cheras Selatan,TOYOTA HIACE
