CBTS LINE_ID,route_id,Actual Route,fare_type,DIRECTION,SERVICE_TYPE
P102002,P1020,P102,Flat Fare,2,Normal Flat
P102002,P1020,P102,Flat Fare,2,Normal Flat
P102102,P1021,P102A,Flat Fare,2,Normal Flat
P103002,P1030,P103,Flat Fare,2,Normal Flat
P104002,P1040,P104,Flat Fare,2,Normal Flat
P105002,P1050,P105,Flat Fare,2,Normal Flat
P106002,P1060,P106,Flat Fare,2,Normal Flat
P107002,P1070,P107,Flat Fare,2,Normal Flat
P108002,P1080,P108,Flat Fare,2,Normal Flat
R001001,R0010,BET1,Flat Fare,1,Normal Flat
R001002,R0010,BET1,Flat Fare,2,Normal Flat
R002001,R0020,BET2,Flat Fare,1,Normal Flat
R002002,R0020,BET2,Flat Fare,2,Normal Flat
R003001,R0030,BET3,Flat Fare,1,Normal Flat
R003002,R0030,BET3,Flat Fare,2,Normal Flat
R004001,R0040,BET4,Flat Fare,1,Normal Flat
R004002,R0040,BET4,Flat Fare,2,Normal Flat
R007001,R0070,BET7,Flat Fare,1,Normal Flat
R007002,R0070,BET7,Flat Fare,2,Normal Flat
R008001,R0080,BET8,Flat Fare,1,Normal Flat
R008002,R0080,BET8,Flat Fare,2,Normal Flat
R016001,R0160,BET16,Flat Fare,1,Normal Flat
R016002,R0160,BET16,Flat Fare,2,Normal Flat
R017001,R0170,BET17,Flat Fare,1,Normal Flat
R017002,R0170,BET17,Flat Fare,2,Normal Flat
R020002,R0200,DS01(AM),Flat Fare,2,Normal Flat
R021002,R0210,DS01(PM),Flat Fare,2,Normal Flat
U254002,U2540,254,Zonal Fare,2,Normal Zonal
U302002,U3020,302,Zonal Fare,2,Normal Zonal
U752001,U7520,752,Zonal Fare,1,Normal Zonal
U752002,U7520,752,Zonal Fare,2,Normal Zonal
U851102,U8511,851B,Zonal Fare,2,Normal Zonal
U771002,U7710,771,Zonal Fare,2,Normal Zonal
T451002,T4510,T451,Zonal Fare,2,Normal Zonal
U570002,U5700,570,Zonal Fare,2,Normal Zonal
T571002,T5710,T571,Zonal Fare,2,Normal Zonal
T772002,T7720,T772,Zonal Fare,2,Normal Zonal
U541002,U5410,541,Zonal Fare,2,Normal Zonal
U401002,U4010,401,Zonal Fare,2,Normal Zonal
U300002,U3000,300,Zonal Fare,2,Normal Zonal
U400002,U4000,400,Zonal Fare,2,Normal Zonal
U541001,U5410,541,Zonal Fare,1,Normal Zonal
T772001,T7720,T772,Zonal Fare,1,Normal Zonal
U420002,U4200,420,Zonal Fare,2,Normal Zonal
U222002,U2220,222,Zonal Fare,2,Normal Zonal
U580002,U5800,580,Zonal Fare,2,Normal Zonal
U783002,U7830,783,Zonal Fare,2,Normal Zonal
T406102,T4061,T406B,Zonal Fare,2,Normal Zonal
U822002,U8220,822,Zonal Fare,2,Normal Zonal
U201002,U2010,201,Zonal Fare,2,Normal Zonal
U421002,U4210,421,Zonal Fare,2,Normal Zonal
U200002,U2000,200,Zonal Fare,2,Normal Zonal
U253002,U2530,253,Zonal Fare,2,Normal Zonal
U802002,U8020,802,Zonal Fare,2,Normal Zonal
T406002,T4060,T406,Zonal Fare,2,Normal Zonal
U650002,U6500,650,Zonal Fare,2,Normal Zonal
T506002,T5060,T506,Zonal Fare,2,Normal Zonal
T504002,T5040,T504,Zonal Fare,2,Normal Zonal
T505002,T5050,T505,Zonal Fare,2,Normal Zonal
T507002,T5070,T507,Zonal Fare,2,Normal Zonal
T120002,T1200,T120,Flat Fare,2,Normal Flat
T180002,T1800,T180,Flat Fare,2,Normal Flat
T200002,T2000,T200,Flat Fare,2,Normal Flat
T201001,T2010,T201,Flat Fare,1,Normal Flat
T201002,T2010,T201,Flat Fare,2,Normal Flat
T202002,T2020,T202,Flat Fare,2,Normal Flat
T203002,T2030,T203,Flat Fare,2,Normal Flat
T204002,T2040,T204,Flat Fare,2,Normal Flat
T221001,T2210,T221,Flat Fare,1,Normal Flat
T221002,T2210,T221,Flat Fare,2,Normal Flat
T222002,T2220,T222,Flat Fare,2,Normal Flat
T223002,T2230,T223,Flat Fare,2,Normal Flat
T224002,T2240,T224,Flat Fare,2,Normal Flat
U171002,U1710,171,Zonal Fare,2,Normal Zonal
U450002,U4500,450,Zonal Fare,2,Normal Zonal
U750002,U7500,750,Zonal Fare,2,Normal Zonal
U800002,U8000,800,Zonal Fare,2,Normal Zonal
U170002,U1700,170,Zonal Fare,2,Normal Zonal
U190002,U1900,190,Zonal Fare,2,Normal Zonal
U191002,U1910,191,Zonal Fare,2,Normal Zonal
U301002,U3010,301,Zonal Fare,2,Normal Zonal
U540002,U5400,540,Zonal Fare,2,Normal Zonal
U851002,U8510,851,Zonal Fare,2,Normal Zonal
U151002,U1510,151,Zonal Fare,2,Normal Zonal
U640002,U6400,640,Zonal Fare,2,Normal Zonal
U651002,U6510,651,Zonal Fare,2,Normal Zonal
U708002,U7080,708,Zonal Fare,2,Normal Zonal
T756002,T7560,T756,Zonal Fare,2,Normal Zonal
U173002,U1730,173,Zonal Fare,2,Normal Zonal
U250002,U2500,250,Zonal Fare,2,Normal Zonal
U402002,U4020,402,Zonal Fare,2,Normal Zonal
U600002,U6000,600,Zonal Fare,2,Normal Zonal
U852002,U8520,852,Zonal Fare,2,Normal Zonal
U602002,U6020,602,Zonal Fare,2,Normal Zonal
U751002,U7510,751,Zonal Fare,2,Normal Zonal
U770002,U7700,770,Zonal Fare,2,Normal Zonal
U782002,U7820,782,Zonal Fare,2,Normal Zonal
U801002,U8010,801,Zonal Fare,2,Normal Zonal
U180002,U1800,180,Zonal Fare,2,Normal Zonal
U220002,U2200,220,Zonal Fare,2,Normal Zonal
U303002,U3030,303,Zonal Fare,2,Normal Zonal
U590002,U5900,590,Zonal Fare,2,Normal Zonal
U753002,U7530,753,Zonal Fare,2,Normal Zonal
U772002,U7720,772,Zonal Fare,2,Normal Zonal
U172002,U1720,172,Zonal Fare,2,Normal Zonal
U251002,U2510,251,Zonal Fare,2,Normal Zonal
U581002,U5810,581,Zonal Fare,2,Normal Zonal
U821002,U8210,821,Zonal Fare,2,Normal Zonal
U754002,U7540,754,Zonal Fare,2,Normal Zonal
U780002,U7800,780,Zonal Fare,2,Normal Zonal
T450002,T4500,T450,Zonal Fare,2,Normal Zonal
U506002,U5060,506,Zonal Fare,2,Normal Zonal
U641002,U6410,641,Zonal Fare,2,Normal Zonal
U652002,U6520,652,Zonal Fare,2,Normal Zonal
U781002,U7810,781,Zonal Fare,2,Normal Zonal
U202002,U2020,202,Zonal Fare,2,Normal Zonal
U600102,U6001,600-T,Zonal Fare,2,Normal Zonal
U173001,U1730,173,Zonal Fare,1,Normal Zonal
U190001,U1900,190,Zonal Fare,1,Normal Zonal
K600002,K6000,600,Zonal Fare,2,Normal Zonal
U600001,U6000,600,Zonal Fare,1,Normal Zonal
U753001,U7530,753,Zonal Fare,1,Normal Zonal
U770001,U7700,770,Zonal Fare,1,Normal Zonal
U781001,U7810,781,Zonal Fare,1,Normal Zonal
U220001,U2200,220,Zonal Fare,1,Normal Zonal
U506001,U5060,506,Zonal Fare,1,Normal Zonal
U640001,U6400,640,Zonal Fare,1,Normal Zonal
U708001,U7080,708,Zonal Fare,1,Normal Zonal
U772001,U7720,772,Zonal Fare,1,Normal Zonal
U780001,U7800,780,Zonal Fare,1,Normal Zonal
U171001,U1710,171,Zonal Fare,1,Normal Zonal
U590001,U5900,590,Zonal Fare,1,Normal Zonal
U600101,U6001,600-T,Zonal Fare,1,Normal Zonal
U750001,U7500,750,Zonal Fare,1,Normal Zonal
U852001,U8520,852,Zonal Fare,1,Normal Zonal
U800001,U8000,800,Zonal Fare,1,Normal Zonal
U801001,U8010,801,Zonal Fare,1,Normal Zonal
T756001,T7560,T756,Zonal Fare,1,Normal Zonal
U751001,U7510,751,Zonal Fare,1,Normal Zonal
U151001,U1510,151,Zonal Fare,1,Normal Zonal
U202001,U2020,202,Zonal Fare,1,Normal Zonal
U782001,U7820,782,Zonal Fare,1,Normal Zonal
T450001,T4500,T450,Zonal Fare,1,Normal Zonal
U172001,U1720,172,Zonal Fare,1,Normal Zonal
K301002,K3010,301,Zonal Fare,2,Normal Zonal
U180001,U1800,180,Zonal Fare,1,Normal Zonal
U301001,U3010,301,Zonal Fare,1,Normal Zonal
U450001,U4500,450,Zonal Fare,1,Normal Zonal
U250001,U2500,250,Zonal Fare,1,Normal Zonal
U651001,U6510,651,Zonal Fare,1,Normal Zonal
K301001,K3010,301,Zonal Fare,1,Normal Zonal
T250002,T2500,T250,Flat Fare,2,Normal Flat
T250002,T2500,T250,Flat Fare,2,Normal Flat
T250102,T2501,T250B,Flat Fare,2,Normal Flat
T251002,T2510,T251,Flat Fare,2,Normal Flat
T252002,T2520,T252,Flat Fare,2,Normal Flat
T300002,T3000,T300,Flat Fare,2,Normal Flat
T301001,T3010,T301,Flat Fare,1,Normal Flat
T301002,T3010,T301,Flat Fare,2,Normal Flat
T302001,T3020,T302,Flat Fare,1,Normal Flat
T302002,T3020,T302,Flat Fare,2,Normal Flat
T303002,T3030,T303,Flat Fare,2,Normal Flat
T304002,T3040,T304,Flat Fare,2,Normal Flat
T305001,T3050,T305,Flat Fare,1,Normal Flat
T305002,T3050,T305,Flat Fare,2,Normal Flat
K401001,K4010,401,Zonal Fare,1,Normal Zonal
K500001,K5000,500,Zonal Fare,1,Normal Zonal
T350002,T3500,T350,Flat Fare,2,Normal Flat
T351002,T3510,T351,Flat Fare,2,Normal Flat
T352002,T3520,T352,Flat Fare,2,Normal Flat
T400001,T4000,T400,Flat Fare,1,Normal Flat
T400002,T4000,T400,Flat Fare,2,Normal Flat
T401001,T4010,T401,Flat Fare,1,Normal Flat
T401002,T4010,T401,Flat Fare,2,Normal Flat
T402002,T4020,T402,Flat Fare,2,Normal Flat
T403001,T4030,T403,Flat Fare,1,Normal Flat
T403002,T4030,T403,Flat Fare,2,Normal Flat
T404001,T4040,T404,Flat Fare,1,Normal Flat
T404002,T4040,T404,Flat Fare,2,Normal Flat
T405002,T4050,T405,Flat Fare,2,Normal Flat
T408001,T4080,T408,Flat Fare,1,Normal Flat
T408002,T4080,T408,Flat Fare,2,Normal Flat
T410002,T4100,T410,Flat Fare,2,Normal Flat
T416001,T4160,T416,Flat Fare,1,Normal Flat
T416002,T4160,T416,Flat Fare,2,Normal Flat
T417001,T4170,T417,Flat Fare,1,Normal Flat
T417002,T4170,T417,Flat Fare,2,Normal Flat
T418001,T4180,T418,Flat Fare,1,Normal Flat
T418002,T4180,T418,Flat Fare,2,Normal Flat
T419002,T4190,T419,Flat Fare,2,Normal Flat
T504001,T5040,T504,Flat Fare,1,Normal Flat
T505001,T5050,T505,Flat Fare,1,Normal Flat
T506001,T5060,T506,Flat Fare,1,Normal Flat
T507001,T5070,T507,Flat Fare,1,Normal Flat
T508001,T5080,T508,Flat Fare,1,Normal Flat
T508002,T5080,T508,Flat Fare,2,Normal Flat
T509001,T5090,T509,Flat Fare,1,Normal Flat
T509002,T5090,T509,Flat Fare,2,Normal Flat
K100002,K1000,100,Zonal Fare,2,Normal Zonal
T510001,T5100,T510,Flat Fare,1,Normal Flat
T510002,T5100,T510,Flat Fare,2,Normal Flat
T511001,T5110,T511,Flat Fare,1,Normal Flat
T511002,T5110,T511,Flat Fare,2,Normal Flat
T512002,T5120,T512,Flat Fare,2,Normal Flat
T542002,T5420,T542,Flat Fare,2,Normal Flat
T543002,T5430,T543,Flat Fare,2,Normal Flat
T544002,T5440,T544,Flat Fare,2,Normal Flat
T559002,T5590,T559,Flat Fare,2,Normal Flat
T560002,T5600,T560,Flat Fare,2,Normal Flat
T561002,T5610,T561,Flat Fare,2,Normal Flat
T562002,T5620,T562,Flat Fare,2,Normal Flat
T563002,T5630,T563,Flat Fare,2,Normal Flat
T564002,T5640,T564,Flat Fare,2,Normal Flat
T565002,T5650,T565,Flat Fare,2,Normal Flat
T566002,T5660,T566,Flat Fare,2,Normal Flat
T567002,T5670,T567,Flat Fare,2,Normal Flat
T568002,T5680,T568,Flat Fare,2,Normal Flat
T570001,T5700,T570,Flat Fare,1,Normal Flat
T570002,T5700,T570,Flat Fare,2,Normal Flat
T580002,T5800,T580,Flat Fare,2,Normal Flat
T581002,T5810,T581,Flat Fare,2,Normal Flat
T581102,T5811,T581B,Flat Fare,2,Normal Flat
T582002,T5820,T582,Flat Fare,2,Normal Flat
T584002,T5840,T584,Flat Fare,2,Normal Flat
T585002,T5850,T585,Flat Fare,2,Normal Flat
T586002,T5860,T586,Flat Fare,2,Normal Flat
T587002,T5870,T587,Flat Fare,2,Normal Flat
T588002,T5880,T588,Flat Fare,2,Normal Flat
T589002,T5890,T589,Flat Fare,2,Normal Flat
T600001,T6000,T600,Flat Fare,1,Normal Flat
T600002,T6000,T600,Flat Fare,2,Normal Flat
T601001,T6010,T601,Flat Fare,1,Normal Flat
T601002,T6010,T601,Flat Fare,2,Normal Flat
T602002,T6020,T602,Flat Fare,2,Normal Flat
K401002,K4010,401,Zonal Fare,2,Normal Zonal
T603001,T6030,T603,Flat Fare,1,Normal Flat
T603002,T6030,T603,Flat Fare,2,Normal Flat
K100001,K1000,100,Zonal Fare,1,Normal Zonal
T604001,T6040,T604,Flat Fare,1,Normal Flat
T604002,T6040,T604,Flat Fare,2,Normal Flat
T605002,T6050,T605,Flat Fare,2,Normal Flat
K400001,K4000,400,Zonal Fare,1,Normal Zonal
K400002,K4000,400,Zonal Fare,2,Normal Zonal
T640002,T6400,T640,Flat Fare,2,Normal Flat
T715001,T7150,T715,Flat Fare,1,Normal Flat
T715002,T7150,T715,Flat Fare,2,Normal Flat
T751002,T7510,T751,Flat Fare,2,Normal Flat
T753002,T7530,T753,Flat Fare,2,Normal Flat
T754002,T7540,T754,Flat Fare,2,Normal Flat
T757002,T7570,T757,Flat Fare,2,Normal Flat
T757102,T7571,T757B,Flat Fare,2,Normal Flat
T770002,T7700,T770,Flat Fare,2,Normal Flat
T774002,T7740,T774,Flat Fare,2,Normal Flat
T776002,T7760,T776,Flat Fare,2,Normal Flat
T776102,T7761,T776B,Flat Fare,2,Normal Flat
T777002,T7770,T777,Flat Fare,2,Normal Flat
K600001,K6000,600,Zonal Fare,1,Normal Zonal
T778002,T7780,T778,Flat Fare,2,Normal Flat
T780002,T7800,T780,Flat Fare,2,Normal Flat
T781002,T7810,T781,Flat Fare,2,Normal Flat
T782002,T7820,T782,Flat Fare,2,Normal Flat
K500002,K5000,500,Zonal Fare,2,Normal Zonal
T783002,T7830,T783,Flat Fare,2,Normal Flat
T784002,T7840,T784,Flat Fare,2,Normal Flat
T785002,T7850,T785,Flat Fare,2,Normal Flat
T786002,T7860,T786,Flat Fare,2,Normal Flat
T787002,T7870,T787,Flat Fare,2,Normal Flat
T788001,T7880,T788,Flat Fare,1,Normal Flat
T788002,T7880,T788,Flat Fare,2,Normal Flat
T789002,T7890,T789,Flat Fare,2,Normal Flat
T790001,T7900,T790,Flat Fare,1,Normal Flat
T790002,T7900,T790,Flat Fare,2,Normal Flat
T791002,T7910,T791,Flat Fare,2,Normal Flat
T792002,T7920,T792,Flat Fare,2,Normal Flat
T792102,T7921,T792B,Flat Fare,2,Normal Flat
T850002,T8500,T850,Flat Fare,2,Normal Flat
T851002,T8510,T851,Flat Fare,2,Normal Flat
U690001,U6900,690,Flat Fare,1,Normal Flat
U690002,U6900,690,Flat Fare,2,Normal Flat
